1374856261,3,0,0,0,0,4,180
1374856274,1,0,0,0,0,4,180
1374856282,2,0,0,0,0,3,180
1374856293,4,0,0,0,0,4,180
1374856313,2,0,0,0,0,4,180
1374856303,2,0,0,0,0,0,-1
1374856323,0,0,1,0,0,1,90
1374856331,1,0,1,0,0,2,180
1374856340,1,0,1,0,0,2,180
1374856351,1,0,1,0,0,2,180
1374856372,1,0,1,0,0,1,180
1374856362,2,0,1,0,0,2,180
1374856382,2,0,1,0,0,2,180
1374856392,2,0,1,0,0,1,180
1374856401,2,0,1,0,0,2,180
1374856410,2,0,1,0,0,2,180
1374856431,1,0,1,0,0,1,180
1374856421,1,0,1,0,0,2,180
1374856441,1,0,1,0,0,2,180
1374856450,1,0,1,0,0,2,180
1374856458,0,0,1,0,0,2,180
1374856465,1,0,1,0,0,1,90
1374856475,0,0,1,0,0,2,180
1374856495,1,0,1,0,0,1,180
1374856486,1,0,1,0,0,2,180
1374856506,1,0,1,0,1,1,180
1374856514,1,0,1,0,1,1,180
1374856523,1,0,1,0,1,1,90
1374856533,2,0,1,0,0,1,90
1374856543,1,0,1,0,1,1,90
1374856553,1,0,1,0,1,1,90
1374856563,0,0,1,0,1,0,90
1374856569,0,0,1,0,1,1,0
1374856576,0,0,1,0,1,1,0
1374856587,0,0,1,0,1,1,0
1374856596,0,0,1,0,1,1,0
1374856606,1,0,1,0,1,1,0
1374856616,1,0,1,0,1,1,0
1374856626,1,0,1,0,1,0,0
1374856634,1,0,1,0,1,1,180
1374856644,1,0,1,0,1,1,180
1374856655,2,0,1,0,1,1,180
1374856666,2,0,1,0,1,1,0
1374856677,2,0,1,0,1,1,0
1374856686,0,0,2,0,1,1,90
1374856694,0,0,2,0,1,1,90
1374856705,0,0,2,0,1,1,90
1374856719,0,0,2,0,1,1,90
1374856728,0,0,2,0,1,1,90
1374856738,0,0,1,0,1,2,180
1374856747,0,0,1,0,1,2,180
1374856755,0,0,3,0,1,0,90
1374856766,0,0,1,0,1,2,180
1374856776,0,0,1,0,1,2,180
1374856786,0,0,1,0,1,1,0
1374856797,1,0,1,0,1,1,0
1374856808,1,0,1,0,1,2,180
1374856819,1,0,1,0,1,1,0
1374856829,1,0,1,0,1,2,180
1374856840,1,0,1,0,0,3,180
1374856851,1,0,1,0,0,3,180
1374856863,2,0,1,0,0,2,180
1374856874,1,0,1,0,0,3,180
1374856885,1,0,1,0,0,3,180
1374856895,1,0,1,0,0,3,180
1374856917,1,0,1,0,0,3,180
1374856906,1,0,1,0,0,3,180
1374856927,1,0,1,0,0,3,180
1374856938,1,0,1,0,0,3,180
1374856947,1,0,1,0,0,3,180
1374856969,1,0,1,0,0,3,180
1374856962,1,0,1,0,0,3,180
1374856980,1,0,1,0,0,3,180
1374856991,1,0,1,0,0,3,180
1374857000,1,0,1,0,0,3,180
1374857010,1,0,1,0,0,3,180
1374857032,1,0,1,0,0,2,180
1374857021,1,0,1,0,0,3,180
1374857042,1,0,1,0,0,2,180
1374857051,1,0,0,0,1,2,180
1374857059,1,0,0,0,1,2,180
1374857068,1,0,0,0,1,2,180
1374857090,2,0,0,0,1,1,180
1374857079,1,0,0,0,1,2,180
1374857099,2,0,0,0,1,1,180
1374857109,2,0,0,0,1,1,180
1374857116,1,0,0,0,1,1,180
1374857126,2,0,0,0,1,1,0
1374857137,2,0,0,0,1,1,0
1374857158,1,0,0,0,1,1,0
1374857148,3,0,0,0,1,1,0
1374857167,1,0,0,0,2,1,0
1374857179,1,0,0,0,2,1,0
1374857184,0,0,0,0,2,1,0
1374857195,1,0,0,0,2,1,0
1374857212,0,0,0,0,1,1,0
1374857205,1,0,0,0,2,1,0
1374857223,2,0,0,0,1,2,180
1374857236,3,0,0,0,2,2,0
1374857249,3,0,0,0,2,2,0
1374857263,2,0,0,0,2,2,180
1374857275,2,0,0,0,1,2,180
1374857285,1,0,0,0,2,2,0
1374857295,3,0,0,0,2,2,0
1374857303,0,0,0,0,1,1,0
1374857312,2,0,0,0,2,2,0
1374857333,1,0,0,0,2,1,0
1374857323,1,0,0,0,1,1,0
1374857344,2,0,0,0,2,1,0
1374857352,0,0,0,0,2,1,0
1374857360,2,0,0,0,2,1,0
1374857368,0,0,0,0,1,1,0
1374857391,2,0,0,0,2,1,0
1374857378,2,0,0,0,1,0,0
1374857400,1,0,0,0,2,1,0
1374857411,2,0,0,0,2,0,0
1374857420,1,0,0,0,2,1,0
1374857429,2,0,0,0,2,1,0
1374857452,1,0,0,0,2,1,0
1374857442,2,0,0,0,2,1,0
1374857461,1,0,0,0,2,1,0
1374857472,2,0,0,0,2,1,0
1374857485,2,0,0,0,2,1,0
1374857488,1,0,0,0,2,1,0
1374857496,1,0,0,0,2,1,0
1374857520,2,0,0,0,1,0,0
1374857509,2,0,0,0,2,1,0
1374857530,2,0,0,0,2,1,0
1374857545,2,0,0,0,2,1,0
1374857551,2,0,0,0,2,1,0
1374857560,1,0,0,0,3,1,0
1374857572,1,0,0,0,3,1,0
1374857588,1,0,0,0,3,1,0
1374857592,0,0,0,0,3,1,0
1374857601,1,0,0,0,3,1,0
1374857613,1,0,0,1,3,0,0
1374857624,1,0,0,1,3,0,0
1374857643,0,0,0,0,3,0,0
1374857634,1,0,0,1,3,0,0
1374857651,1,0,0,1,3,0,0
1374857663,1,0,0,1,3,0,0
1374857670,0,0,0,0,2,0,0
1374857676,0,0,0,0,2,0,0
1374857702,1,0,0,1,3,0,0
1374857689,1,0,0,1,3,0,0
1374857712,1,0,0,1,3,0,0
1374857725,1,0,0,1,3,0,0
1374857731,1,0,0,1,2,0,0
1374857741,1,0,0,2,2,0,270
1374857764,1,0,0,2,2,0,270
1374857752,1,0,0,2,2,0,270
1374857771,0,0,0,2,1,0,270
1374857780,1,0,0,2,2,0,270
1374857792,1,0,0,2,1,0,270
1374857802,1,0,0,2,2,0,270
1374857813,1,0,0,2,2,0,270
1374857824,1,0,0,2,2,0,270
1374857834,1,0,0,2,2,0,270
1374857844,1,0,0,2,2,0,0
1374857855,2,0,0,2,2,0,0
1374857864,1,0,0,2,1,0,270
1374857883,0,0,0,2,1,0,270
1374857874,1,0,0,2,2,0,0
1374857893,1,0,0,2,1,0,270
1374857902,1,0,0,1,0,0,270
1374857911,1,0,0,1,2,0,0
1374857920,1,0,0,2,2,0,270
1374857944,1,0,0,3,1,0,270
1374857932,1,0,0,3,1,0,270
1374857952,0,0,0,2,1,0,270
1374857962,1,0,0,3,1,0,270
1374857973,2,0,0,3,1,0,270
1374857984,2,0,0,1,1,1,180
1374858003,1,0,0,1,1,0,270
1374857994,2,0,0,1,1,1,180
1374858012,2,0,0,1,1,1,0
1374858022,1,0,0,1,1,1,0
1374858031,1,0,0,0,1,2,180
1374858040,1,0,0,0,1,2,180
1374858061,1,0,0,0,1,2,180
1374858051,1,0,0,0,1,2,180
1374858069,0,0,0,0,1,3,180
1374858080,0,0,0,0,1,3,180
1374858092,0,0,0,0,1,3,180
1374858098,0,0,0,0,1,3,180
1374858119,1,0,0,0,1,3,180
1374858108,0,0,0,0,1,3,180
1374858131,0,0,0,0,1,3,180
1374858139,0,0,0,0,1,3,180
1374858151,0,0,0,0,1,3,180
1374858155,0,0,0,0,1,3,180
1374858168,0,0,0,0,1,3,180
1374858188,0,0,0,0,1,3,180
1374858178,0,0,0,0,1,3,180
1374858198,0,0,0,0,1,3,180
1374858208,1,0,0,0,1,3,180
1374858216,0,0,0,0,1,3,180
1374858227,0,0,0,0,1,3,180
1374858248,0,1,0,0,1,3,180
1374858237,0,0,0,0,1,3,180
1374858258,0,0,0,0,1,4,180
1374858266,0,0,0,0,1,3,180
1374858272,0,0,0,0,1,3,180
1374858283,0,0,0,0,1,3,180
1374858292,0,0,0,0,1,4,180
1374858303,0,0,0,0,1,3,180
1374858312,0,0,0,0,1,3,180
1374858320,0,0,0,0,1,3,180
1374858329,0,0,0,0,1,3,180
1374858337,0,0,0,0,1,3,180
1374858348,0,0,0,0,1,3,180
1374858358,0,0,0,0,1,3,180
1374858368,0,0,0,0,1,3,180
1374858377,0,0,0,0,1,3,180
1374858386,0,0,0,0,1,3,180
1374858394,0,0,0,0,1,3,180
1374858406,0,0,1,0,1,2,180
1374858416,0,0,1,0,0,2,180
1374858425,0,0,1,0,1,2,180
1374858435,0,0,1,0,1,2,180
1374858444,0,0,1,0,1,2,180
1374858454,0,0,1,0,1,2,180
1374858464,0,1,1,0,1,1,90
1374858475,0,0,2,0,1,1,90
1374858485,0,0,2,0,1,1,90
1374858495,0,0,2,0,1,1,90
1374858504,0,0,2,0,1,1,90
1374858515,0,0,2,0,0,1,90
1374858523,0,0,1,0,1,1,0
1374858535,0,0,1,0,2,1,0
1374858545,0,1,0,0,2,1,0
1374858555,0,1,0,0,2,1,0
1374858563,0,0,0,1,1,1,270
1374858573,0,0,0,1,1,2,180
1374858584,0,0,0,1,1,2,180
1374858594,0,0,0,1,1,2,180
1374858604,0,0,0,0,1,3,180
1374858613,0,0,0,0,0,3,180
1374858623,0,0,0,0,1,3,180
1374858633,0,0,0,0,1,3,180
1374858643,0,0,0,0,1,3,180
1374858653,0,0,0,0,1,3,180
1374858663,0,1,0,0,2,1,0
1374858674,0,1,0,0,2,1,0
1374858686,0,0,0,0,2,2,180
1374858696,0,0,0,0,1,3,180
1374858706,0,0,0,0,1,3,180
1374858715,0,0,0,0,1,3,180
1374858723,0,0,0,0,0,3,180
1374858733,0,0,0,0,2,2,0
1374858743,0,0,0,0,2,2,0
1374858753,0,0,0,0,2,2,0
1374858763,0,0,0,0,3,1,0
1374858773,0,0,0,0,2,2,0
1374858783,0,0,0,0,1,3,180
1374858794,0,0,0,0,1,3,180
1374858804,0,0,0,0,1,3,180
1374858814,0,0,0,0,1,3,180
1374858824,0,0,0,0,1,3,180
1374858833,0,0,0,0,0,3,180
1374858843,0,0,1,0,1,2,180
1374858853,0,0,1,0,1,2,180
1374858863,0,0,1,0,1,2,180
1374858873,0,0,1,0,1,2,180
1374858883,0,0,2,0,1,1,90
1374858893,0,0,2,0,1,1,90
1374858903,0,0,2,0,1,1,90
1374858914,0,0,2,0,1,1,90
1374858924,0,0,2,0,1,1,90
1374858934,0,1,2,0,1,0,90
1374858943,0,1,1,1,0,0,270
1374858953,0,1,1,1,1,0,0
1374858963,0,1,1,1,1,0,0
1374858973,1,1,1,1,1,0,270
1374858983,1,1,1,1,1,0,270
1374858993,1,1,1,0,1,1,180
1374859003,1,1,1,0,1,1,180
1374859013,1,1,1,0,1,1,180
1374859024,1,1,1,0,1,1,180
1374859034,1,1,1,0,1,1,180
1374859044,1,1,1,0,1,1,180
1374859053,1,1,2,0,0,0,90
1374859063,1,1,2,0,1,0,90
1374859073,1,0,3,0,1,0,90
1374859084,1,1,2,0,1,0,90
1374859094,1,1,2,0,1,0,90
1374859104,1,1,2,0,1,0,90
1374859116,1,1,2,0,1,0,90
1374859128,1,0,2,1,1,0,90
1374859139,1,0,2,1,1,0,90
1374859150,1,0,2,1,1,0,90
1374859159,1,0,2,1,1,0,90
1374859169,1,0,2,1,1,0,90
1374859179,1,0,2,1,1,0,90
1374859192,1,0,2,1,1,0,90
1374859207,1,0,2,1,1,1,90
1374859217,1,0,2,1,1,0,90
1374859229,1,0,2,1,1,1,90
1374859238,1,0,2,1,1,0,90
1374859264,1,0,2,1,1,1,90
1374859250,1,0,2,1,1,0,90
1374859273,1,0,2,0,1,1,90
1374859284,1,0,1,1,1,2,180
1374859294,1,0,1,0,1,1,90
1374859316,0,0,1,1,1,2,180
1374859304,0,0,1,1,1,2,180
1374859327,1,0,1,0,0,1,180
1374859337,1,0,0,1,1,2,180
1374859345,1,0,2,0,1,0,90
1374859355,2,0,1,1,1,2,180
1374859378,2,0,0,1,0,2,180
1374859366,2,0,0,0,0,1,180
1374859386,0,0,1,0,1,0,90
1374859396,2,0,1,1,1,1,90
1374859404,0,0,1,0,1,2,180
1374859413,1,0,1,1,1,1,90
1374859423,1,0,1,1,1,2,180
1374859443,1,0,0,1,1,3,180
1374859432,0,0,0,1,1,0,270
1374859452,0,0,0,0,0,2,180
1374859463,0,0,0,1,1,3,180
1374859472,0,0,0,1,1,3,180
1374859482,0,0,0,1,1,3,180
1374859493,0,0,0,1,1,3,180
1374859504,0,0,0,1,1,3,180
1374859515,0,0,0,1,1,2,180
1374859524,0,0,0,1,1,3,180
1374859534,0,0,0,1,1,3,180
1374859542,0,0,0,0,1,2,180
1374859563,0,0,0,1,0,3,180
1374859552,0,0,0,1,1,3,180
1374859574,0,0,0,1,1,3,180
1374859585,0,0,0,1,1,3,180
1374859594,0,0,0,1,1,3,180
1374859614,0,0,0,1,1,2,180
1374859604,0,0,0,1,1,3,180
1374859624,0,0,0,1,1,2,180
1374859635,0,0,0,1,1,3,180
1374859644,0,0,0,1,1,3,180
1374859653,0,0,0,1,1,3,180
1374859663,0,0,0,1,0,3,180
1374859685,0,0,0,1,0,3,180
1374859674,0,0,0,1,0,3,180
1374859693,0,0,0,0,1,2,180
1374859703,0,0,0,0,1,3,180
1374859712,0,0,0,0,1,3,180
1374859721,0,0,0,0,1,4,180
1374859743,0,0,0,0,1,4,180
1374859731,0,0,0,0,1,4,180
1374859753,0,0,0,0,1,4,180
1374859765,0,0,0,0,1,4,180
1374859773,0,0,0,0,1,4,180
1374859782,0,0,0,0,1,4,180
1374859803,0,0,0,0,1,4,180
1374859791,0,0,0,0,1,4,180
1374859814,0,0,0,0,1,4,180
1374859822,0,0,0,0,1,2,180
1374859831,0,0,0,0,1,4,180
1374859841,0,0,0,0,1,4,180
1374859863,0,0,0,0,1,4,180
1374859853,0,0,0,0,1,4,180
1374859873,0,0,0,0,1,4,180
1374859883,0,0,0,0,1,3,180
1374859892,0,0,0,0,1,4,180
1374859915,0,0,0,0,1,3,180
1374859904,0,0,0,0,1,4,180
1374859924,0,0,0,0,1,3,180
1374859934,0,0,0,0,1,4,180
1374859941,0,0,0,0,1,1,180
1374859948,1,0,0,0,1,3,180
1374859958,1,0,0,0,1,4,180
1374859981,1,0,0,0,0,4,180
1374859970,0,0,0,0,0,4,180
1374859992,1,0,0,0,0,4,180
1374860004,1,0,1,0,0,3,180
1374860014,1,0,2,0,1,2,90
1374860024,1,0,2,0,1,2,90
1374860034,1,0,2,0,1,2,90
1374860044,0,0,2,0,1,2,90
1374860054,1,0,2,0,1,0,90
1374860065,1,0,2,0,1,1,90
1374860074,0,0,1,0,1,1,180
1374860084,1,0,2,0,1,2,90
1374860105,1,0,2,0,2,1,90
1374860094,0,0,2,0,2,1,90
1374860113,0,0,1,0,0,1,90
1374860122,0,0,2,0,2,1,90
1374860132,0,0,2,0,2,1,90
1374860141,0,0,2,0,2,0,90
1374860162,1,0,2,0,2,0,90
1374860150,1,0,2,0,2,0,90
1374860171,1,0,2,0,2,0,90
1374860182,1,0,2,0,2,0,90
1374860190,1,0,2,0,2,0,90
1374860198,1,0,2,0,2,0,90
1374860220,1,0,2,0,2,0,90
1374860209,1,0,2,0,2,0,90
1374860230,1,0,2,0,2,0,90
1374860239,1,0,2,0,2,0,90
1374860247,1,0,2,0,2,0,90
1374860256,1,0,1,0,3,0,0
1374860268,1,0,1,0,3,0,0
1374860288,0,0,0,0,3,0,0
1374860278,1,0,1,0,2,0,0
1374860298,0,0,0,0,4,0,0
1374860307,0,0,0,0,4,0,0
1374860315,0,0,0,0,4,0,0
1374860326,0,0,0,0,4,0,0
1374860347,0,0,0,0,4,0,0
1374860337,0,0,0,0,4,0,0
1374860356,0,0,0,0,4,0,0
1374860366,0,0,0,0,4,0,0
1374860372,0,0,0,0,4,0,0
1374860385,1,0,0,0,4,0,0
1374860397,1,0,0,0,4,0,0
1374860407,1,0,0,0,4,0,0
1374860418,1,0,0,0,4,0,0
1374860430,1,0,0,0,4,0,0
1374860440,1,0,0,0,4,0,0
1374860451,1,0,0,0,4,0,0
1374860472,1,0,0,0,4,0,0
1374860462,1,0,0,0,4,0,0
1374860646,1,0,0,1,2,0,0
1374860655,1,0,0,1,2,0,0
1374860664,1,0,0,1,2,0,0
1374860674,1,0,0,1,2,0,0
1374860684,1,0,0,1,2,0,0
1374860694,1,0,0,1,2,0,0
1374860703,2,0,0,0,2,0,0
1374860713,2,0,0,0,2,0,0
1374860723,1,0,0,1,2,0,0
1374860734,1,0,0,1,2,0,0
1374860745,1,1,0,1,1,0,0
1374860754,2,1,0,1,0,0,-10
1374860765,2,1,0,1,0,0,-10
1374860774,2,1,0,1,0,0,-10
1374860784,2,1,0,1,0,0,-10
1374860794,2,1,0,1,0,0,-10
1374860804,3,1,0,1,0,0,-10
1374860813,2,1,0,1,0,0,-10
1374860827,3,2,0,1,0,0,-10
1374860835,2,1,0,1,0,0,-10
1374860843,2,1,0,1,0,0,-10
1374860853,2,1,0,1,0,0,-10
1374860863,2,1,0,1,0,0,-10
1374860873,2,1,0,1,0,0,-10
1374860883,2,1,0,1,0,0,-10
1374860892,2,1,0,1,0,0,-10
1374860903,2,1,0,1,0,0,-10
1374860912,2,1,0,1,0,0,-10
1374860922,2,1,0,1,0,0,-10
1374860932,2,1,0,1,0,0,-10
1374860943,2,1,0,1,0,0,-10
1374860953,2,1,0,1,0,0,-10
1374860963,2,1,0,1,0,0,-10
1374860973,1,1,0,1,0,0,-10
1374860983,1,1,0,1,0,0,-10
1374860993,1,1,0,1,0,0,-10
1374861005,1,1,0,1,0,0,-10
1374861015,1,1,0,1,0,0,-10
1374861025,1,1,0,1,0,0,-10
1374861035,1,1,0,1,0,0,-10
1374861044,1,1,0,1,0,0,-10
1374861053,1,1,0,1,0,0,-10
1374861063,1,1,0,1,0,0,-10
1374861073,1,1,0,1,0,0,-10
1374861084,2,1,0,1,0,0,-10
1374861093,2,1,0,1,0,0,-10
1374861103,2,0,0,2,0,0,270
1374861113,1,0,0,2,0,0,270
1374861126,2,0,0,2,0,0,270
1374861135,2,0,0,2,0,0,270
1374861144,1,0,0,2,0,0,270
1374861154,2,0,0,2,0,0,270
1374861164,2,0,0,2,0,0,270
1374861174,2,0,0,2,0,0,270
1374861183,2,0,0,2,0,0,270
1374861192,2,0,0,2,0,0,270
1374861202,2,0,0,2,0,0,270
1374861212,2,0,0,2,0,0,270
1374861223,2,0,0,2,0,0,270
1374861232,2,0,0,2,0,0,270
1374861244,2,0,0,2,0,0,270
1374861254,2,0,0,2,0,0,270
1374861265,2,0,0,2,0,0,270
1374861274,2,0,0,2,0,0,270
1374861284,2,0,0,2,0,0,270
1374861294,2,0,0,2,0,0,270
1374861304,2,0,0,2,0,0,270
1374861314,2,0,0,2,0,0,270
1374861324,2,0,0,2,0,0,270
1374861333,2,0,0,2,0,0,270
1374861344,2,0,0,2,0,0,270
1374861354,2,0,0,2,0,0,270
1374861364,2,0,0,2,0,0,270
1374861374,2,0,0,2,0,0,270
1374861385,3,0,0,1,0,0,270
1374861395,3,0,0,1,0,0,270
1374861404,2,0,0,1,0,0,270
1374861414,3,0,0,1,0,0,270
1374861424,3,0,0,1,0,0,270
1374861434,3,0,0,1,0,0,270
1374861444,3,0,0,1,0,0,270
1374861454,3,0,0,1,0,0,270
1374861463,3,0,0,1,0,0,270
1374861473,3,0,0,1,0,0,270
1374861483,3,0,0,1,0,0,270
1374861493,3,0,0,1,0,0,270
1374861504,3,0,0,1,0,0,270
1374861513,3,0,0,1,0,0,270
1374861523,2,0,0,1,1,0,0
1374861533,2,0,0,1,1,0,0
1374861543,2,0,0,1,1,0,0
1374861553,2,0,0,1,1,0,0
1374861563,2,0,0,1,1,0,0
1374861573,2,0,0,1,1,0,0
1374861584,2,0,0,1,1,0,0
1374861594,2,0,0,1,1,0,0
1374861603,2,0,0,1,1,0,0
1374861613,2,0,0,1,1,0,0
1374861623,2,0,1,1,0,0,90
1374861633,2,0,1,1,0,0,90
1374861643,2,0,1,1,0,0,90
1374861653,2,0,1,1,0,0,90
1374861664,2,0,1,1,0,0,90
1374861674,2,0,1,1,0,0,90
1374861684,2,0,1,1,0,0,90
1374861695,2,0,1,1,0,0,90
1374861705,2,0,1,1,0,0,90
1374861714,2,0,1,1,0,0,90
1374861724,2,0,1,1,0,0,90
1374861734,2,0,1,1,0,0,90
1374861744,2,0,1,1,0,0,90
1374861753,2,0,1,1,0,0,90
1374861764,2,0,1,1,0,0,90
1374861774,2,0,1,1,0,0,90
1374861784,2,0,1,1,0,0,90
1374861794,2,0,1,1,0,0,90
1374861805,2,0,1,1,0,0,90
1374861814,2,0,1,1,0,0,90
1374861824,2,0,0,1,0,1,180
1374861833,2,0,0,1,0,1,180
1374861843,2,0,0,0,0,2,180
1374861853,2,0,0,0,0,2,180
1374861864,2,0,0,0,0,2,180
1374861873,2,0,0,0,0,2,180
1374861883,2,0,0,0,0,2,180
1374861893,2,0,0,0,0,2,180
1374861904,2,0,1,0,0,1,90
1374861914,2,0,1,0,0,1,90
1374861924,2,0,1,0,0,1,90
1374861935,2,0,1,0,0,1,90
1374861944,1,1,1,0,0,0,90
1374861954,2,1,0,1,0,0,270
1374861964,2,0,0,2,0,0,270
1374861974,2,1,0,1,0,0,-10
1374861984,2,1,0,1,0,0,-10
1374861993,2,0,0,1,0,1,180
1374862002,2,0,0,1,0,1,180
1374862012,2,0,0,1,0,1,180
1374862023,2,0,0,1,0,1,180
1374862033,2,0,1,1,0,0,90
1374862043,2,0,1,1,0,0,90
1374862053,2,0,1,1,0,0,90
1374862063,2,1,0,1,0,0,-10
1374862073,2,1,0,1,0,0,-10
1374862084,2,1,0,1,0,0,-10
1374862093,2,1,0,1,0,0,-10
1374862103,1,1,0,1,0,0,-10
1374862113,2,1,0,1,0,0,-10
1374862122,2,1,0,1,0,0,-10
1374862132,2,1,0,1,0,0,-10
1374862143,2,1,0,1,0,0,-10
1374862153,2,0,0,1,0,1,180
1374862163,2,0,0,1,0,1,180
1374862173,2,0,0,1,0,1,180
1374862183,2,0,0,1,0,1,180
1374862194,2,0,0,1,0,1,180
1374862204,2,0,1,1,0,0,90
1374862214,2,0,1,1,0,0,90
1374862224,2,0,1,1,0,0,90
1374862233,2,0,1,1,0,0,90
1374862242,2,0,1,1,0,0,90
1374862252,2,1,0,1,0,0,-10
1374862264,2,1,0,1,0,0,-10
1374862274,2,1,0,1,0,0,-10
1374862284,2,1,0,1,0,0,-10
1374862293,1,1,0,1,0,0,-10
1374862303,2,1,0,1,0,0,-10
1374862313,2,1,0,1,0,0,-10
1374862323,2,1,0,0,0,1,-10
1374862334,2,1,0,0,0,1,-10
1374862344,2,1,0,0,0,1,-10
1374862354,2,0,0,0,0,2,180
1374862364,2,0,0,0,0,2,180
1374862374,2,0,0,0,0,2,180
1374862383,2,0,0,0,0,2,180
1374862393,2,0,0,0,0,2,180
1374862403,2,0,0,0,0,2,180
1374862413,2,0,0,0,0,2,180
1374862424,2,0,0,0,1,1,180
1374862434,2,0,1,0,1,0,90
1374862444,1,0,1,0,1,0,90
1374862453,2,0,1,0,1,0,90
1374862464,2,0,1,0,1,0,90
1374862475,2,1,0,0,1,0,-10
1374862485,2,1,0,0,1,0,-10
1374862494,2,1,0,0,1,0,-10
1374862504,2,1,0,0,1,0,-10
1374862514,2,1,0,0,1,0,-10
1374862524,2,1,0,0,1,0,-10
1374862533,2,1,0,0,1,0,-10
1374862543,2,1,0,0,1,0,-10
1374862554,2,1,0,0,1,0,-10
1374862565,2,0,1,0,1,0,90
1374862574,1,1,1,0,0,0,90
1374862583,2,1,1,0,0,0,90
1374862593,2,1,1,0,0,0,90
1374862602,2,1,1,0,0,0,90
1374862613,2,1,1,0,0,0,90
1374862623,2,1,1,0,0,0,90
1374862633,2,1,0,0,0,1,180
1374862643,2,1,0,0,0,1,180
1374862653,2,1,0,0,0,1,180
1374862663,2,0,0,1,0,1,180
1374862673,2,1,0,1,0,0,-10
1374862683,2,1,0,1,0,0,-10
1374862694,2,1,0,1,0,0,-10
1374862704,2,1,0,1,0,0,-10
1374862714,2,1,0,1,0,0,-10
1374862725,2,1,0,1,0,0,-10
1374862734,2,1,0,1,0,0,-10
1374862743,1,1,0,1,0,0,-10
1374862753,2,1,0,1,0,0,-10
1374862764,2,1,0,1,0,0,-10
1374862773,2,1,0,1,0,0,-10
1374862783,2,1,0,1,0,0,-10
1374862793,2,1,0,1,0,0,-10
1374862804,2,1,0,1,0,0,-10
1374862814,2,1,0,1,0,0,-10
1374862823,2,0,0,1,0,1,180
1374862832,2,0,0,1,0,1,180
1374862842,2,0,0,1,0,1,180
1374862852,2,0,0,1,0,1,180
1374862862,2,0,0,1,0,1,180
1374862872,2,0,0,1,0,1,180
1374862883,2,0,0,1,0,1,180
1374862892,2,0,1,1,0,0,90
1374862903,2,0,1,0,1,0,90
1374862913,2,0,1,0,1,0,90
1374862926,2,0,1,0,1,0,0
1374862934,2,0,1,0,1,0,90
1374862943,2,0,1,0,1,0,90
1374862953,2,0,0,0,1,0,0
1374862963,2,0,0,0,1,0,0
1374862973,2,0,0,0,1,0,0
1374862984,2,0,0,1,0,0,270
1374862994,2,0,0,1,0,0,270
1374863005,2,0,0,1,0,0,270
1374863013,2,0,0,1,0,0,270
1374863023,2,0,0,1,0,0,270
1374863036,2,0,0,1,0,0,270
1374863046,2,0,0,1,0,0,270
1374863053,2,0,0,1,0,0,270
1374863064,2,0,0,0,1,0,0
1374863073,2,0,0,0,1,0,0
1374863083,2,0,0,0,1,0,0
1374863093,2,0,0,0,1,0,0
1374863104,2,0,0,0,1,0,0
1374863115,1,0,0,0,1,0,0
1374863125,2,0,0,0,1,0,0
1374863134,2,0,0,0,1,0,0
1374863146,2,0,0,0,1,0,0
1374863156,2,0,0,0,1,0,0
1374863166,2,0,0,0,1,0,0
1374863175,2,0,0,0,1,0,0
1374863185,2,0,0,0,1,0,0
1374863193,2,0,0,1,0,0,270
1374863204,2,0,0,1,0,0,270
1374863214,2,0,0,1,0,0,270
1374863226,2,0,0,1,0,0,270
1374863237,2,0,0,1,0,0,270
1374863243,2,0,0,1,0,0,270
1374863256,3,0,0,1,0,0,270
1374863265,2,0,0,1,0,0,270
1374863273,2,0,0,1,0,0,270
1374863283,2,0,0,1,0,0,270
1374863294,2,0,0,1,0,0,270
1374863304,2,0,0,1,0,0,270
1374863314,2,0,0,1,0,0,270
1374863323,2,0,0,1,0,0,270
1374863334,2,0,0,1,0,0,270
1374863344,2,0,0,1,0,0,270
1374863355,1,0,0,1,0,0,270
1374863365,3,0,0,1,0,0,270
1374863373,2,0,0,1,0,0,270
1374863383,2,0,0,1,0,0,270
1374863393,2,0,0,1,0,0,270
1374863403,2,0,0,1,0,0,270
1374863413,2,0,0,1,0,0,270
1374863424,2,0,0,1,0,0,270
1374863434,2,0,0,1,0,0,270
1374863443,2,0,0,1,0,0,270
1374863453,2,0,0,1,0,0,270
1374863464,2,0,0,1,0,0,270
1374863474,2,0,0,1,0,0,270
1374863483,2,0,0,1,0,0,270
1374863493,2,0,0,1,0,0,270
1374863502,2,0,0,1,0,0,270
1374863512,2,0,0,1,0,0,270
1374863524,2,0,0,1,0,0,270
1374863534,2,0,0,1,0,0,270
1374863544,3,0,0,0,1,0,0
1374863555,2,0,0,0,1,0,0
1374863563,2,0,0,0,1,0,0
1374863573,2,0,0,0,1,0,0
1374863584,2,0,0,0,1,0,0
1374863594,2,0,0,0,1,0,0
1374863603,2,0,1,0,0,0,90
1374863613,2,0,1,0,0,0,90
1374863623,2,0,1,0,0,0,90
1374863633,2,0,1,0,0,0,90
1374863644,2,0,1,0,0,0,90
1374863654,2,0,1,0,0,0,90
1374863664,2,0,1,0,0,0,90
1374863677,2,0,1,0,1,0,0
1374863688,2,0,1,0,1,0,0
1374863699,2,0,1,0,1,0,0
1374863711,2,0,1,0,1,0,90
1374863722,2,0,0,0,2,0,0
1374863733,2,0,0,0,2,0,0
1374863741,2,0,0,0,2,0,0
1374863751,2,0,0,0,1,0,0
1374863762,3,0,0,0,2,0,0
1374863773,2,0,0,0,2,0,0
1374863782,2,0,0,0,2,0,0
1374863792,2,0,0,0,2,0,0
1374863800,2,0,0,0,2,0,0
1374863808,2,0,0,0,2,0,0
1374863819,2,0,0,0,2,0,0
1374863829,2,0,0,0,2,0,0
1374863839,2,0,0,0,2,0,0
1374863849,2,0,0,0,2,0,0
1374863859,2,0,0,0,2,0,0
1374863867,2,0,0,0,2,0,0
1374863877,2,0,1,0,1,0,0
1374863887,1,0,1,0,1,0,0
1374863896,1,0,1,0,1,0,0
1374863906,2,0,1,0,1,0,0
1374863917,2,0,1,0,1,0,0
1374863926,2,0,1,0,1,0,0
1374863934,2,0,1,0,1,0,0
1374863948,2,0,1,1,1,0,0
1374863957,2,0,1,1,1,0,270
1374863968,2,0,1,0,1,0,0
1374863976,2,0,1,0,1,0,0
1374863983,2,0,1,0,1,0,0
1374863993,2,0,1,0,1,0,0
1374864003,2,0,1,0,1,0,0
1374864014,2,0,1,0,1,0,0
1374864026,1,0,1,0,1,0,0
1374864038,2,0,1,0,1,0,0
1374864049,2,0,1,0,1,0,0
1374864060,2,0,1,0,1,0,0
1374864071,2,0,1,0,1,0,90
1374864083,2,0,1,0,1,0,0
1374864094,2,0,1,0,1,0,0
1374864103,2,0,1,0,1,0,0
1374864113,2,0,1,0,1,0,0
1374864127,2,0,1,0,1,0,0
1374864137,2,0,1,0,1,0,0
1374864148,2,0,1,0,1,0,0
1374864159,2,0,1,0,1,0,0
1374864169,2,0,1,0,1,0,0
1374864179,2,0,1,0,1,0,0
1374864202,2,0,1,0,1,0,0
1374864190,2,0,1,0,1,0,0
1374864212,2,0,1,0,1,0,0
1374864222,2,0,0,0,1,1,0
1374864231,2,0,0,0,2,0,0
1374864241,2,0,0,0,2,0,0
1374864264,2,0,0,0,2,0,0
1374864252,3,0,0,0,2,0,0
1374864273,2,0,0,0,2,0,0
1374864282,2,0,0,0,1,0,0
1374864292,2,0,0,0,2,0,0
1374864302,2,0,0,0,2,0,0
1374864321,0,0,0,0,2,0,0
1374864312,2,0,0,0,2,0,0
1374864330,1,0,0,0,2,0,0
1374864340,1,0,0,0,2,0,0
1374864350,2,0,0,0,2,0,0
1374864359,2,0,0,0,2,0,0
1374864382,2,0,0,0,2,0,0
1374864371,2,0,0,0,2,0,0
1374864392,2,0,0,0,2,0,0
1374864403,2,0,0,0,2,0,0
1374864411,2,0,0,0,2,0,0
1374864418,1,0,0,0,2,0,0
1374864440,2,0,0,0,1,0,0
1374864431,2,0,0,0,2,0,0
1374864450,2,0,0,0,2,0,0
1374864462,2,0,0,0,2,0,0
1374864468,1,0,0,0,2,0,0
1374864474,0,0,0,0,2,0,0
1374864501,2,0,0,0,2,0,0
1374864489,2,0,0,0,2,0,0
1374864511,2,0,0,0,2,0,0
1374864522,2,0,0,0,2,0,0
1374864531,2,0,0,0,2,0,0
1374864540,2,0,0,0,2,0,0
1374864562,2,0,0,0,1,0,0
1374864552,2,0,0,0,2,0,0
1374864572,2,0,0,0,2,0,0
1374864581,1,0,0,0,2,0,0
1374864590,2,0,0,0,2,0,0
1374864599,2,0,0,0,2,0,0
1374864623,2,0,0,0,2,0,0
1374864611,2,0,0,0,2,0,0
1374864633,2,0,0,0,2,0,0
1374864642,1,0,0,0,2,0,0
1374864651,2,0,0,0,2,0,0
1374864660,2,0,0,0,2,0,0
1374864681,2,0,0,0,1,0,0
1374864672,2,0,0,0,2,0,0
1374864691,2,0,0,0,2,0,0
1374864702,2,0,0,0,2,0,0
1374864711,2,0,0,0,2,0,0
1374864720,2,0,0,0,2,0,0
1374864743,2,0,0,0,2,0,0
1374864731,2,0,0,0,2,0,0
1374864752,2,0,0,0,2,0,0
1374864762,2,0,0,0,2,0,0
1374864772,2,0,0,0,2,0,0
1374864781,2,0,0,0,2,0,0
1374864802,2,0,0,0,1,0,0
1374864792,2,0,0,0,2,0,0
1374864812,2,0,0,0,2,0,0
1374864823,2,0,0,0,2,0,0
1374864832,2,0,0,0,2,0,0
1374864841,2,0,0,0,2,0,0
1374864863,2,0,0,0,3,0,0
1374864852,2,0,0,0,2,0,0
1374864873,2,0,0,0,1,0,0
1374864884,2,0,0,0,1,0,0
1374864893,2,0,0,0,2,0,0
1374864902,2,0,0,0,2,0,0
1374864922,2,0,0,0,1,0,0
1374864912,2,0,0,0,2,0,0
1374864931,2,0,0,0,2,0,0
1374864943,3,0,0,0,2,0,0
1374864953,2,0,0,0,2,0,0
1374864961,3,0,0,0,2,0,0
1374864984,2,0,0,0,2,1,0
1374864972,2,0,0,0,2,1,0
1374864992,1,0,0,0,1,1,0
1374865001,2,0,0,0,1,1,0
1374865012,2,0,0,0,2,1,0
1374865023,2,0,0,0,2,1,0
1374865041,1,0,0,0,1,1,0
1374865033,1,0,0,0,2,1,0
1374865051,1,0,0,0,2,1,0
1374865062,1,0,0,0,2,1,0
1374865071,1,0,0,0,2,1,0
1374865079,1,0,0,0,2,1,0
1374865101,1,0,0,0,2,1,0
1374865091,1,0,0,0,2,1,0
1374865111,1,0,0,0,3,0,0
1374865121,1,0,0,0,3,0,0
1374865130,1,0,0,0,3,0,0
1374865140,1,0,0,0,3,0,0
1374865160,1,0,0,0,3,0,0
1374865151,1,0,0,0,3,0,0
1374865171,1,0,0,0,3,0,0
1374865181,1,0,0,0,3,0,0
1374865190,1,0,0,0,3,0,0
1374865198,1,0,0,0,3,0,0
1374865221,1,0,0,0,3,0,0
1374865210,1,0,0,0,3,0,0
1374865230,1,0,0,0,3,0,0
1374865240,1,0,0,0,3,0,0
1374865248,1,0,0,0,3,0,0
1374865258,1,0,0,0,3,0,0
1374865268,0,0,0,0,3,0,0
1374865324,1,0,0,0,1,2,180
1374865335,2,0,0,0,1,2,180
1374865349,2,0,0,0,1,2,180
1374865359,3,0,0,0,1,2,180
1374865368,1,0,0,0,1,2,180
1374865381,2,0,0,0,1,2,180
1374865390,2,0,0,0,1,2,180
1374865400,2,0,0,0,0,2,180
1374865411,2,0,0,0,1,2,180
1374865420,2,0,0,0,1,2,180
1374865428,2,0,0,0,1,2,180
1374865439,2,0,0,0,1,2,180
1374865449,2,0,0,0,1,2,180
1374865459,2,0,0,0,1,2,180
1374865470,2,0,0,0,1,2,180
1374865480,2,0,0,0,1,2,180
1374865488,2,0,0,0,1,2,180
1374865499,2,0,0,0,1,2,180
1374865509,2,0,0,0,1,2,180
1374865519,2,0,0,0,1,2,180
1374865529,2,0,0,0,1,2,180
1374865538,2,0,0,0,1,2,180
1374865548,2,0,0,0,1,2,180
1374865558,2,0,0,0,1,2,180
1374865569,2,0,0,0,1,2,180
1374865578,2,0,0,0,1,2,180
1374865588,2,0,0,0,1,2,180
1374865597,2,0,0,0,2,1,0
1374865605,2,0,0,0,2,1,0
1374865614,2,0,0,0,2,1,0
1374865625,2,0,0,0,2,1,0
1374865635,2,0,0,0,2,1,0
1374865645,2,0,0,0,2,1,0
1374865655,2,0,0,0,2,1,0
1374865664,2,0,0,0,2,1,0
1374865675,2,0,0,0,2,1,0
1374865685,2,0,0,0,2,1,0
1374865695,2,0,0,0,2,1,0
1374865706,2,0,0,0,2,1,0
1374865716,1,0,0,0,2,1,0
1374865725,2,0,0,0,2,1,0
1374865735,2,0,0,0,2,1,0
1374865746,2,0,0,0,2,1,0
1374865756,2,0,0,0,2,1,0
1374865766,2,0,0,0,2,1,0
1374865776,2,0,0,0,2,1,0
1374865785,2,0,0,0,2,1,0
1374865796,1,0,0,0,2,1,0
1374865806,2,0,0,0,2,1,0
1374865815,2,0,0,0,2,1,0
1374865825,2,0,0,0,2,1,0
1374865835,2,0,0,0,2,1,0
1374865844,1,0,0,0,2,1,0
1374865855,3,0,0,0,2,1,0
1374865866,2,0,0,0,2,1,0
1374865875,2,0,0,0,2,1,0
1374865886,2,0,0,0,1,2,180
1374865897,2,0,0,0,1,2,180
1374865906,2,0,0,0,1,2,180
1374865916,2,0,0,0,1,2,180
1374865926,2,0,0,0,1,2,180
1374865935,2,0,0,0,1,2,180
1374865947,2,0,0,0,1,2,180
1374865956,2,0,0,0,1,2,180
1374865964,2,0,0,0,1,2,180
1374865974,2,0,0,0,1,2,180
1374865985,2,0,0,0,1,2,180
1374865995,2,0,0,0,1,2,180
1374866005,2,0,0,0,1,2,180
1374866014,2,0,0,0,1,2,180
1374866024,2,0,0,0,1,3,180
1374866033,2,0,0,0,1,1,0
1374866045,2,0,0,0,1,2,180
1374866055,2,0,0,0,1,2,180
1374866064,2,0,0,0,1,2,180
1374866074,2,0,0,0,1,2,180
1374866084,2,0,0,0,1,2,180
1374866097,2,0,1,0,1,1,180
1374866109,2,0,1,0,1,1,180
1374866119,2,0,1,0,1,1,180
1374866130,2,0,1,0,1,1,180
1374866142,2,0,0,0,2,1,0
1374866150,2,0,0,0,2,1,0
1374866159,2,0,0,0,2,1,0
1374866172,2,0,0,0,2,1,0
1374866182,2,0,0,0,2,1,0
1374866194,2,0,0,0,2,1,0
1374866205,2,0,0,0,2,1,0
1374866211,1,0,0,0,2,1,0
1374866220,1,0,0,0,2,1,0
1374866230,1,0,0,0,2,1,0
1374866241,1,0,0,0,2,1,0
1374866251,1,0,0,0,2,1,0
1374866261,1,0,0,0,2,1,0
1374866271,1,0,0,0,2,1,0
1374866279,1,0,0,0,2,1,0
1374866290,1,0,0,0,2,1,0
1374866300,1,0,0,0,2,1,0
1374866310,1,0,0,0,2,1,0
1374866320,1,0,0,0,2,1,0
1374866330,1,0,0,0,2,1,0
1374866339,1,0,0,0,2,1,0
1374866349,1,0,0,0,2,1,0
1374866359,1,0,0,0,2,1,0
1374866369,1,0,0,0,1,2,180
1374866380,1,0,0,0,1,2,180
1374866388,1,0,0,0,1,2,180
1374866398,1,0,0,0,1,2,180
1374866407,2,0,0,0,1,1,180
1374866416,2,0,0,0,1,1,180
1374866424,2,0,0,0,1,1,0
1374866434,2,0,0,0,1,1,0
1374866444,2,0,0,0,1,1,0
1374866454,2,0,0,0,1,1,0
1374866465,3,0,0,0,1,1,180
1374866475,3,0,0,0,1,1,180
1374866486,3,0,0,0,1,1,180
1374866495,3,0,0,0,1,1,180
1374866505,2,0,0,0,1,1,180
1374866515,2,0,0,0,1,1,180
1374866526,2,0,0,0,1,1,180
1374866536,2,0,0,0,1,1,180
1374866544,2,0,0,0,1,1,0
1374866554,2,0,0,0,1,1,0
1374866564,2,0,0,0,1,1,0
1374866572,2,0,0,0,1,1,180
1374866586,2,0,0,0,1,1,180
1374866597,2,0,0,0,1,1,180
1374866607,2,0,0,0,1,1,180
1374866618,2,0,0,0,1,1,180
1374866626,2,0,0,0,1,1,180
1374866635,2,0,0,0,1,1,180
1374866645,2,0,0,0,1,1,180
1374866654,2,0,0,0,1,1,0
1374866664,2,0,0,0,1,1,0
1374866673,2,0,0,0,1,1,0
1374866683,2,0,0,0,1,1,0
1374866693,2,0,0,0,1,1,180
1374866703,2,0,0,0,1,1,0
1374866714,2,0,0,0,1,1,0
1374866724,2,0,0,0,1,1,0
1374866734,2,0,0,0,1,1,0
1374866744,2,0,0,0,0,1,180
1374866754,2,0,0,0,1,1,0
1374866764,2,0,0,0,0,1,180
1374866774,2,0,0,0,0,1,180
1374866784,2,0,0,0,0,1,180
1374866794,2,0,0,0,0,0,-1
1374866804,2,0,0,0,0,1,180
1374866814,2,0,0,0,0,1,180
1374866825,2,0,0,0,0,1,180
1374866834,2,0,0,0,0,1,180
1374866845,2,0,0,0,0,1,180
1374866854,2,0,0,0,0,1,180
1374866864,2,0,0,0,0,1,180
1374866874,2,0,0,0,0,1,180
1374866884,2,0,0,0,0,1,180
1374866894,2,0,0,0,0,1,180
1374866904,2,0,0,0,0,1,180
1374866914,2,0,0,0,0,1,180
1374866924,2,0,0,0,0,1,180
1374866934,2,0,0,0,0,1,180
1374866945,2,0,0,0,0,1,180
1374866955,2,0,0,0,0,1,180
1374866965,2,0,0,0,0,1,180
1374866974,2,0,0,0,0,1,180
1374866985,2,0,0,0,0,1,180
1374866994,2,0,0,0,0,1,180
1374867004,2,0,0,0,0,1,180
1374867014,2,0,0,0,0,1,180
1374867023,2,0,0,0,0,0,-1
1374867034,2,0,0,0,0,1,180
1374867043,2,0,0,0,0,0,-1
1374867054,2,0,0,0,0,1,180
1374867064,2,0,0,0,0,1,180
1374867074,2,0,0,0,0,1,180
1374867084,2,0,0,0,0,1,180
1374867094,2,0,0,0,0,1,180
1374867104,2,0,0,0,0,1,180
1374867114,2,0,0,0,0,1,180
1374867125,2,0,0,0,0,1,180
1374867133,2,0,0,0,0,0,-1
1374867144,3,0,0,0,0,1,180
1374867155,3,0,0,0,0,2,180
1374867165,3,0,0,0,0,1,180
1374867176,3,0,0,0,0,1,180
1374867183,3,0,0,0,0,1,180
1374867192,2,0,0,0,0,1,180
1374867202,2,0,0,0,0,1,180
1374867212,2,0,0,0,0,1,180
1374867222,2,0,0,0,0,1,180
1374867232,2,0,0,0,0,1,180
1374867245,2,0,0,0,0,1,180
1374867254,2,0,0,0,0,1,180
1374867265,2,0,0,0,0,1,180
1374867274,2,0,0,0,0,1,180
1374867284,2,0,0,0,0,1,180
1374867294,2,0,0,0,0,1,180
1374867304,2,0,0,0,0,1,180
1374867314,2,0,0,0,0,1,180
1374867324,2,0,0,0,0,1,180
1374867334,2,0,0,0,0,1,180
1374867344,2,0,0,0,0,1,180
1374867354,2,0,0,0,0,1,180
1374867364,2,0,0,0,0,1,180
1374867374,2,0,0,0,0,1,180
1374867384,2,0,0,0,0,1,180
1374867394,2,0,0,0,0,1,180
1374867404,2,0,0,0,0,1,180
1374867414,2,0,0,0,0,1,180
1374867424,2,0,0,0,0,1,180
1374867433,2,0,0,0,0,1,180
1374867443,2,0,0,0,0,0,-1
1374867453,2,0,0,0,0,2,180
1374867463,2,0,0,0,0,1,180
1374867473,2,0,0,0,0,1,180
1374867484,2,0,0,0,0,1,180
1374867494,2,0,0,0,0,1,180
1374867504,2,0,0,0,0,1,180
1374867513,2,0,0,0,0,1,180
1374867523,2,0,0,0,0,0,-1
1374867534,2,0,0,0,0,1,180
1374867543,2,0,0,0,0,0,-1
1374867553,2,0,0,0,0,1,180
1374867564,2,0,0,0,0,2,180
1374867574,2,0,0,0,0,1,180
1374867584,2,0,0,0,0,1,180
1374867594,2,0,0,0,0,1,180
1374867604,2,0,0,0,0,1,180
1374867615,2,0,0,0,0,1,180
1374867624,2,0,0,0,0,1,180
1374867634,2,0,0,0,0,1,180
1374867644,2,0,0,0,0,1,180
1374867654,2,0,0,0,0,1,180
1374867664,2,0,0,0,0,1,180
1374867674,2,0,0,0,0,1,180
1374867684,2,0,0,0,0,1,180
1374867694,2,0,0,0,0,1,180
1374867704,2,0,0,0,0,1,180
1374867714,2,0,0,0,0,1,180
1374867724,2,0,0,0,0,1,180
1374867734,2,0,0,0,0,1,180
1374867744,2,0,0,0,0,1,180
1374867754,2,0,0,0,0,1,180
1374867765,2,0,0,0,0,1,180
1374867775,2,0,0,0,0,1,180
1374867784,2,0,0,0,0,1,180
1374867794,2,0,0,0,0,1,180
1374867804,2,0,0,0,0,1,180
1374867814,2,0,0,0,0,1,180
1374867824,2,0,0,0,0,1,180
1374867834,2,0,0,0,0,1,180
1374867845,2,0,0,0,0,1,180
1374867854,2,0,0,0,0,1,180
1374867864,2,0,0,0,0,1,180
1374867875,2,0,0,0,0,1,180
1374867884,2,0,0,0,0,1,180
1374867894,2,0,0,0,0,1,180
1374867904,2,0,0,0,0,1,180
1374867914,2,0,0,0,0,1,180
1374867924,2,0,0,0,0,1,180
1374867933,3,0,0,0,0,0,-1
1374867944,3,0,0,0,0,0,-1
1374867954,3,0,0,0,0,0,-1
1374867964,3,0,0,0,0,0,-1
1374867974,3,0,0,0,0,0,-1
1374867984,3,0,0,0,0,0,-1
1374867994,3,0,0,0,0,0,-1
1374868004,3,0,0,0,0,0,-1
1374868014,3,0,0,0,0,0,-1
1374868024,3,0,0,0,0,0,-1
1374868033,3,0,0,0,0,0,-1
1374868043,3,0,0,0,0,0,-1
1374868053,3,0,0,0,0,0,-1
1374868063,3,0,0,0,0,0,-1
1374868073,2,0,0,0,0,0,-1
1374868084,3,0,0,0,0,0,-1
1374868094,3,0,0,0,0,0,-1
1374868104,3,0,0,0,0,0,-1
1374868114,3,0,0,0,0,0,-1
1374868124,3,0,0,0,0,0,-1
1374868134,3,0,0,0,0,0,-1
1374868144,3,0,0,0,0,0,-1
1374868154,3,0,0,0,0,0,-1
1374868164,3,0,0,0,0,0,-1
1374868174,2,0,0,0,0,0,-1
1374868184,3,0,0,0,0,0,-1
1374868194,3,0,0,0,0,0,-1
1374868203,3,0,0,0,0,0,-1
1374868213,3,0,0,0,0,0,-1
1374868223,3,0,0,0,0,0,-1
1374868233,3,0,0,0,0,0,-1
1374868243,3,0,0,0,0,0,-1
1374868253,2,0,0,0,0,0,-1
1374868264,3,0,0,0,0,0,-1
1374868273,3,0,0,0,0,0,-1
1374868284,3,0,0,0,0,0,-1
1374868294,3,0,0,0,0,0,-1
1374868303,3,0,0,0,0,0,-1
1374868314,3,0,0,0,0,0,-1
1374868324,3,0,0,0,0,0,-1
1374868335,3,0,0,0,0,0,-1
1374868344,3,0,0,0,0,0,-1
1374868354,3,0,0,0,0,0,-1
1374868364,3,0,0,0,0,0,-1
1374868374,4,0,0,0,0,0,-1
1374868386,4,0,0,0,0,0,-1
1374868396,4,0,0,0,0,0,-1
1374868406,4,0,0,0,0,0,-1
1374868416,4,0,0,0,0,0,-1
1374868426,4,0,0,0,0,0,-1
1374868436,4,0,0,0,0,0,-1
1374868444,4,0,0,0,0,0,-1
1374868453,4,0,0,0,0,0,-1
1374868463,3,0,0,0,0,0,-1
1374868473,3,0,0,0,0,0,-1
1374868483,3,0,0,0,0,0,-1
1374868493,2,0,0,0,0,0,-1
1374868505,4,0,0,0,0,0,-1
1374868515,3,0,0,0,0,0,-1
1374868525,3,0,0,0,0,0,-1
1374868535,3,0,0,0,0,0,-1
1374868545,3,0,0,0,0,0,-1
1374868555,4,0,0,0,0,0,-1
1374868566,4,0,0,0,0,0,-1
1374868576,4,0,0,0,0,0,-1
1374868586,4,0,0,0,0,0,-1
1374868596,4,0,0,0,0,0,-1
1374868606,4,0,0,0,0,0,-1
1374868616,4,0,0,0,0,0,-1
1374868624,4,0,0,0,0,0,-1
1374868634,4,0,0,0,0,0,-1
1374868644,4,0,0,0,0,0,-1
1374868653,3,0,0,0,0,0,-1
1374868663,4,0,0,0,0,0,-1
1374868673,4,0,0,0,0,0,-1
1374868685,4,0,0,0,0,0,-1
1374868694,4,0,0,0,0,0,-1
1374868704,4,0,0,0,0,0,-1
1374868714,4,0,0,0,0,0,-1
1374868724,4,0,0,0,0,0,-1
1374868734,4,0,0,0,0,0,-1
1374868744,4,0,0,0,0,0,-1
1374868755,4,0,0,0,0,0,-1
1374868764,4,0,0,0,0,0,-1
1374868774,3,0,0,0,0,0,-1
1374868783,4,0,0,0,0,0,-1
1374868793,4,0,0,0,0,0,-1
1374868804,4,0,0,0,0,0,-1
1374868813,4,0,0,0,0,0,-1
1374868823,3,0,0,0,0,0,-1
1374868833,5,0,0,0,0,0,-1
1374868843,4,0,0,0,0,0,-1
1374868854,4,0,0,0,0,0,-1
1374868865,4,0,0,0,0,0,-1
1374868875,4,0,0,0,0,0,-1
1374868885,4,0,0,0,0,0,-1
1374868894,3,0,0,0,0,0,-1
1374868904,4,0,0,0,0,0,-1
1374868914,3,0,0,0,1,0,0
1374868923,3,0,0,0,1,0,0
1374868932,3,0,0,0,1,0,0
1374868942,3,0,0,0,1,0,0
1374868954,3,0,0,0,1,0,0
1374868963,2,0,0,0,1,0,0
1374868972,2,0,0,0,1,0,0
1374868986,3,0,0,0,1,0,0
1374868995,2,0,0,0,1,0,0
1374869005,2,0,0,0,1,0,0
1374869014,3,0,0,0,1,0,0
1374869024,3,0,0,0,1,0,0
1374869034,3,0,0,0,1,0,0
1374869045,3,0,0,0,1,0,0
1374869054,3,0,0,0,1,0,0
1374869064,3,0,0,0,1,0,0
1374869074,1,0,0,0,1,0,0
1374869085,3,0,0,0,1,0,0
1374869095,3,0,0,0,1,0,0
1374869104,3,0,0,0,1,0,0
1374869114,3,0,0,0,1,0,0
1374869123,2,0,0,0,1,0,0
1374869134,3,0,0,0,1,0,0
1374869144,3,0,0,0,1,0,0
1374869154,3,0,0,0,1,0,0
1374869164,3,0,0,0,1,0,0
1374869173,3,0,0,0,1,0,0
1374869184,3,0,0,0,1,0,0
1374869195,3,0,0,0,1,0,0
1374869204,3,0,0,0,1,0,0
1374869214,2,0,0,0,1,0,0
1374869225,2,0,0,0,1,0,0
1374869234,3,0,0,0,1,0,0
1374869244,3,0,0,0,1,0,0
1374869254,3,0,0,0,1,0,0
1374869265,3,0,0,0,1,0,0
1374869274,3,0,0,0,1,0,0
1374869284,3,0,0,0,1,0,0
1374869294,3,0,0,0,1,0,0
1374869305,3,0,0,0,1,0,0
1374869315,3,0,0,0,1,0,0
1374869325,3,0,0,0,1,0,0
1374869334,2,0,0,0,1,0,0
1374869344,3,0,0,0,1,0,0
1374869354,3,0,0,0,1,0,0
1374869364,3,0,0,0,1,0,0
1374869374,3,0,0,0,1,0,0
1374869384,3,0,0,0,1,0,0
1374869393,3,0,0,0,1,0,0
1374869404,3,0,0,0,1,0,0
1374869415,3,0,0,0,1,0,0
1374869425,3,0,0,0,1,0,0
1374869435,3,0,0,0,1,0,0
1374869444,2,0,0,0,1,0,0
1374869454,3,0,0,0,1,0,0
1374869464,3,0,0,0,1,0,0
1374869474,3,0,0,0,1,0,0
1374869484,3,0,0,0,1,0,0
1374869494,3,0,0,0,1,0,0
1374869504,3,0,0,0,1,0,0
1374869514,3,0,0,0,1,0,0
1374869525,3,0,0,0,1,0,0
1374869535,3,0,0,0,1,0,0
1374869545,3,0,0,0,1,0,0
1374869555,2,0,0,0,1,0,0
1374869564,3,0,0,0,1,0,0
1374869573,2,0,0,0,1,0,0
1374869584,4,0,0,0,1,0,0
1374869594,3,0,0,0,1,0,0
1374869603,3,0,0,0,1,0,0
1374869613,3,0,0,0,1,0,0
1374869624,3,0,0,0,1,0,0
1374869635,3,0,0,0,1,0,0
1374869645,3,0,0,0,1,0,0
1374869654,2,0,0,0,1,0,0
1374869664,3,0,0,0,1,0,0
1374869674,3,0,0,0,1,0,0
1374869683,3,0,0,0,1,0,0
1374869693,3,0,0,0,1,0,0
