1374856264,36.8665213333,-122.052871333,168.0,3588.26048533,2.09408474262
1374856267,36.8665213333,-122.052871333,166.0,3603.41998396,2.25493565788
1374856294,36.8665213333,-122.052871333,169.0,3569.17596468,2.01573733963
1374856304,36.8665213333,-122.058538,170.0,3553.59020689,1.09533242937
1374856316,36.8665213333,-122.058538,171.0,3534.51765673,1.04586082038
1374856322,36.8665213333,-122.058538,172.0,3515.43747062,0.997699326613
1374856325,36.8665213333,-122.064204667,174.0,3484.46339077,0.480395202275
1374856334,36.8665213333,-122.052871333,173.0,3500.63684263,1.71687741302
1374856354,36.8715046667,-122.058538,175.0,3472.33606993,0.834293405115
1374856362,36.8665213333,-122.069871333,176.0,3459.16333923,0.215542874793
1374856372,36.8665213333,-122.058538,177.0,3449.85764061,0.776693660916
1374856384,36.8665213333,-122.058538,178.0,3438.27266805,0.736462335721
1374856388,36.8665213333,-122.075538,180.0,3416.46945798,0.0764167064431
1374856394,36.8715046667,-122.064204667,179.0,3427.21004768,0.344597373995
1374856411,36.8665213333,-122.064204667,181.0,3405.28285286,0.313339217874
1374856420,36.8665213333,-122.081204667,182.0,3394.42932011,0.0286186122127
1374856430,36.8715046667,-122.069871333,183.0,3383.53183501,0.125668721516
1374856439,36.8715046667,-122.069871333,184.0,3372.22650044,0.116182379676
1374856444,36.8665213333,-122.086871333,186.0,3350.12687242,0.00785101047814
1374856450,36.8665213333,-122.069871333,185.0,3361.31157673,0.111135502233
1374856463,36.8715046667,-122.075538,187.0,3339.11343638,0.0398392281592
1374856469,36.8665213333,-122.092538,187.0,3328.07990079,0.00270298893652
1374856477,36.8665213333,-122.075538,188.0,3317.04634775,0.037573177718
1374856485,36.8715046667,-122.069871333,189.0,3317.12514482,0.0765310204608
1374856496,36.8665213333,-122.098204667,190.0,3306.07970356,0.000648023165792
1374856505,36.8715046667,-122.075538,192.0,3284.32204372,0.024201869303
1374856507,36.8665213333,-122.081204667,191.0,3295.23210704,0.0112085495298
1374856524,36.8665213333,-122.103871333,193.0,3273.44972551,0.000133510046775
1374856531,36.8665213333,-122.086871333,194.0,3273.46371465,0.00291409414615
1374856542,36.8715046667,-122.081204667,195.0,3273.46749035,0.00668980039913
1374856549,36.8715046667,-122.103871333,196.0,3273.46392307,7.49182724048e-05
1374856559,36.8715046667,-122.086871333,197.0,3273.47238171,0.00184375674881
1374856560,36.876488,-122.103871333,198.0,3273.47066028,4.74061149331e-05
1374856567,36.876488,-122.086871333,198.0,3273.47397643,0.00147238902908
1374856577,36.876488,-122.081204667,199.0,3273.47764588,0.00366945042684
1374856585,36.876488,-122.081204667,200.0,3273.47717225,0.00319582470421
1374856593,36.876488,-122.075538,200.0,3273.48976995,0.00892824772951
1374856602,36.876488,-122.069871333,201.0,3273.51095243,0.0211824805303
1374856613,36.876488,-122.064204667,202.0,3273.55989281,0.0489403812577
1374856623,36.876488,-122.058538,203.0,3273.66985597,0.109963156098
1374856627,36.876488,-122.052871333,204.0,3263.75537027,0.239938149712
1374856637,36.876488,-122.058538,205.0,3263.84609163,0.0907213642016
1374856649,36.876488,-122.064204667,206.0,3253.78392839,0.0316192665997
1374856661,36.876488,-122.069871333,207.0,3243.76167901,0.0101258828225
1374856674,36.876488,-122.064204667,208.0,3233.81649957,0.0250235379726
1374856680,36.876488,-122.058538,210.0,3214.11949169,0.0538270137107
1374856687,36.8814713333,-122.058538,210.0,3204.38724409,0.0468609580184
1374856697,36.8864546667,-122.058538,211.0,3204.42196988,0.0347257880523
1374856709,36.891438,-122.058538,212.0,3194.73246129,0.0243815393162
1374856727,36.8964213333,-122.058538,214.0,3175.51752122,0.0141608484012
1374856737,36.9014046667,-122.058538,215.0,3166.01260435,0.00878854836203
1374856743,36.8964213333,-122.064204667,216.0,3166.01615719,0.00355284201738
1374856749,36.8964213333,-122.069871333,216.0,3147.26425401,0.00110413539385
1374856758,36.9014046667,-122.069871333,217.0,3147.26490414,0.000650126776467
1374856771,36.9014046667,-122.075538,218.0,3137.95826572,0.000151201556062
1374856781,36.9014046667,-122.081204667,219.0,3128.72195834,3.14936435126e-05
1374856790,36.9014046667,-122.075538,220.0,3119.5569006,9.81766399877e-05
1374856804,36.9014046667,-122.069871333,221.0,3110.46395209,0.000297056727217
1374856817,36.9014046667,-122.075538,223.0,3092.4961246,4.92741055065e-05
1374856830,36.9014046667,-122.069871333,224.0,3083.62307724,0.000156465533333
1374856842,36.9014046667,-122.081204667,225.0,3074.82448813,6.7904023979e-06
1374856854,36.9014046667,-122.075538,226.0,3066.10168389,2.3420142965e-05
1374856867,36.9014046667,-122.086871333,227.0,3057.45484344,7.65334460958e-07
1374856881,36.9014046667,-122.081204667,229.0,3048.88487952,2.12592643084e-06
1374856893,36.9014046667,-122.092538,230.0,3040.39240063,4.79602625383e-08
1374856906,36.9014046667,-122.086871333,231.0,3031.97810336,2.00905281298e-07
1374856917,36.9014046667,-122.086871333,232.0,3023.64263998,1.40566209515e-07
1374856928,36.9014046667,-122.092538,234.0,3007.21080811,9.90506001103e-09
1374856930,36.9014046667,-122.098204667,233.0,3015.38666163,2.10719202138e-09
1374856950,36.9014046667,-122.092538,235.0,2991.10198075,6.4963062829e-09
1374856961,36.9014046667,-122.103871333,236.0,2983.17023346,6.19801366933e-11
1374856972,36.9014046667,-122.103871333,237.0,2975.32106265,3.67369486276e-11
1374856982,36.9014046667,-122.109538,240.0,2959.87277538,6.26363814415e-13
1374856989,36.9014046667,-122.098204667,239.0,2967.55505265,1.19960981907e-10
1374857008,36.9014046667,-122.109538,241.0,2952.27478984,3.33073878921e-13
1374857019,36.9014046667,-122.115204667,242.0,2944.76164165,1.2888832252e-14
1374857030,36.9014046667,-122.103871333,243.0,2937.3338625,1.14326277774e-12
1374857040,36.9014046667,-122.103871333,244.0,2929.99196972,6.0316955624e-13
1374857046,36.9014046667,-122.120871333,246.0,2915.56783737,3.42885920981e-17
1374857051,36.9014046667,-122.115204667,245.0,2922.73646568,1.39362523008e-15
1374857069,36.9014046667,-122.109538,247.0,2908.4865558,4.96973241313e-15
1374857078,36.9014046667,-122.126538,248.0,2901.49307555,2.51863831552e-19
1374857086,36.9014046667,-122.120871333,249.0,2894.58783418,2.32505900824e-18
1374857095,36.9014046667,-122.120871333,250.0,2887.77125175,8.9565642042e-19
1374857102,36.9014046667,-122.126538,252.0,2874.40565315,3.96878734411e-21
1374857106,36.9014046667,-122.115204667,251.0,2881.04373026,8.46580177926e-18
1374857123,36.9014046667,-122.126538,253.0,2867.85738472,1.29161370883e-21
1374857131,36.9014046667,-122.120871333,253.0,2861.39926964,4.24232229992e-20
1374857140,36.9014046667,-122.120871333,254.0,2855.03163238,1.43512988968e-20
1374857151,36.9014046667,-122.120871333,255.0,2855.03163238,4.68281862759e-21
1374857163,36.9014046667,-122.115204667,256.0,2842.56898503,5.36512200119e-20
1374857169,36.9014046667,-122.115204667,258.0,2830.47161437,5.53520643159e-21
1374857173,36.9014046667,-122.115204667,257.0,2836.47451814,1.75672090475e-20
1374857187,36.9014046667,-122.109538,259.0,2824.56048924,6.82410934866e-20
1374857199,36.9014046667,-122.109538,260.0,2817.36429562,2.15802050528e-20
1374857205,36.9014046667,-122.109538,261.0,2817.36429562,6.5500810474e-21
1374857213,36.9014046667,-122.103871333,262.0,2808.74900139,8.72665997208e-20
1374857220,36.9014046667,-122.103871333,264.0,2786.88846197,7.75282332306e-21
1374857222,36.9014046667,-122.103871333,263.0,2798.61053419,2.65880817794e-20
1374857247,36.9014046667,-122.109538,265.0,2758.74676698,3.54058526321e-23
1374857267,36.9014046667,-122.098204667,266.0,2742.53065466,3.28270918985e-20
1374857283,36.9014046667,-122.098204667,268.0,2722.32304703,2.43665332744e-21
1374857297,36.9014046667,-122.115204667,269.0,2697.45844257,7.38598398592e-28
1374857306,36.9014046667,-122.103871333,271.0,2667.25984161,3.32646004812e-25
1374857316,36.9014046667,-122.092538,271.0,2631.07169131,2.732804572e-21
1374857325,36.9014046667,-122.092538,272.0,2588.30049986,6.5283164007e-22
1374857336,36.9014046667,-122.109538,273.0,2538.46163928,6.98877820625e-29
1374857344,36.9014046667,-122.098204667,274.0,2481.22973582,2.59695214988e-25
1374857348,36.9014046667,-122.086871333,276.0,2344.3782966,1.44289176097e-22
1374857354,36.9014046667,-122.086871333,275.0,2416.48892566,6.83729890195e-22
1374857370,36.9014046667,-122.103871333,277.0,2265.3272383,4.70536703996e-30
1374857378,36.9014046667,-122.081204667,278.0,2180.07537402,7.03373668354e-22
1374857386,36.9014046667,-122.081204667,279.0,2089.6723932,1.38253571011e-22
1374857397,36.9014046667,-122.081204667,280.0,1995.45451525,2.52239895561e-23
1374857404,36.9014046667,-122.075538,282.0,1802.04029087,1.28475275697e-22
1374857407,36.9014046667,-122.098204667,281.0,1898.99643973,2.09170506668e-31
1374857427,36.9014046667,-122.075538,283.0,1704.35422733,2.15122657221e-23
1374857437,36.9014046667,-122.092538,284.0,1605.93113131,7.08162340609e-32
1374857449,36.9014046667,-122.092538,285.0,1506.76381904,5.56835250768e-33
1374857458,36.9014046667,-122.092538,286.0,1406.84504091,3.85401871166e-34
1374857465,36.9014046667,-122.086871333,288.0,1204.72376075,1.36564282574e-33
1374857471,36.9014046667,-122.086871333,287.0,1306.16748168,2.07179405056e-32
1374857475,36.9014046667,-122.086871333,0.0,1106.5721137,4.06568127245
1374857496,36.9014046667,-122.081204667,1.0,1004.40516516,4.89717886649
1374857510,36.9014046667,-122.081204667,2.0,904.649437077,4.86290811572
1374857514,36.9014046667,-122.081204667,2.0,800.065967539,4.86290811572
1374857524,36.9014046667,-122.081204667,3.0,699.541153865,4.82841769401
1374857534,36.9014046667,-122.075538,6.0,496.935982173,5.71565035814
1374857539,36.9014046667,-122.075538,5.0,594.265191781,5.75175450826
1374857559,36.9014046667,-122.075538,7.0,406.883573951,5.6792601638
1374857574,36.9014046667,-122.069871333,8.0,337.929215442,6.77933897823
1374857582,36.9014046667,-122.069871333,9.0,337.892146669,6.74227020489
1374857591,36.9014046667,-122.069871333,10.0,275.637832207,6.70484007683
1374857604,36.9014046667,-122.069871333,11.0,220.859257116,6.66704949004
1374857619,36.9014046667,-122.064204667,13.0,161.03269853,7.88578217506
1374857626,36.9014046667,-122.064204667,13.0,167.737538607,7.88578217506
1374857635,36.9014046667,-122.064204667,14.0,144.53105045,7.84774853806
1374857644,36.9014046667,-122.064204667,15.0,134.985219957,7.80927311662
1374857656,36.9014046667,-122.058538,16.0,133.429882692,9.23712593765
1374857659,36.9014046667,-122.058538,18.0,138.408772578,9.1623355783
1374857665,36.9014046667,-122.058538,17.0,141.278532882,9.19999395276
1374857679,36.9014046667,-122.058538,19.0,132.603561557,9.12414948701
1374857689,36.9014046667,-122.052871333,20.0,152.617036693,10.7381631069
1374857699,36.9014046667,-122.052871333,21.0,157.66382737,10.7028247799
1374857708,36.9014046667,-122.052871333,22.0,157.627963401,10.6669608116
1374857717,36.9014046667,-122.047204667,24.0,185.979546608,12.4533277307
1374857721,36.9014046667,-122.052871333,23.0,173.454080894,10.6306867974
1374857741,36.9014046667,-122.047204667,25.0,192.276048888,12.4318896002
1374857755,36.9014046667,-122.041538,26.0,217.52721699,14.5990431741
1374857763,36.9014046667,-122.047204667,27.0,215.350160887,12.4219870712
1374857771,36.8964213333,-122.052871333,28.0,212.095276874,11.1828403972
1374857775,36.8964213333,-122.041538,30.0,257.096152049,19.869688303
1374857782,36.8964213333,-122.047204667,29.0,226.233414991,13.9844213433
1374857801,36.8964213333,-122.047204667,31.0,252.245568381,15.4994998378
1374857810,36.891438,-122.041538,32.0,311.459594914,45.3778750833
1374857824,36.891438,-122.047204667,33.0,311.566767695,31.5006265205
1374857835,36.891438,-122.047204667,34.0,333.49030927,38.7589616637
1374857847,36.891438,-122.047204667,35.0,386.824233979,47.7072478247
1374857859,36.8864546667,-122.041538,37.0,593.166506631,223.285356292
1374857869,36.8864546667,-122.047204667,38.0,551.821107065,182.360970807
1374857878,36.891438,-122.041538,39.0,524.380143553,116.161045631
1374857886,36.891438,-122.041538,40.0,575.910350684,120.297344155
1374857897,36.8814713333,-122.041538,40.0,1193.56446606,514.694721852
1374857898,36.8864546667,-122.041538,42.0,1236.91836644,259.768456897
1374857904,36.8864546667,-122.041538,41.0,1128.61986951,267.514823221
1374857921,36.8864546667,-122.041538,43.0,1342.4299158,245.101648612
1374857932,36.8814713333,-122.041538,44.0,2290.04701175,418.255565812
1374857944,36.8864546667,-122.035871333,45.0,2264.44446273,125.180735791
1374857952,36.8814713333,-122.041538,46.0,2456.94628585,317.720132091
1374857957,36.876488,-122.041538,48.0,3257.7771761,330.090251171
1374857964,36.8814713333,-122.041538,47.0,2650.53487573,266.283604377
1374857984,36.8814713333,-122.035871333,49.0,3012.92185902,85.2703445037
1374857995,36.8715046667,-122.041538,50.0,3829.90579246,254.443894683
1374858005,36.876488,-122.041538,51.0,3995.33459174,153.592137194
1374858015,36.8814713333,-122.047204667,52.0,4011.94580296,170.210038207
1374858018,36.8665213333,-122.041538,54.0,4261.04444221,79.5964043513
1374858025,36.8814713333,-122.041538,53.0,3989.31615472,62.3101203893
1374858043,36.876488,-122.035871333,55.0,4363.59830663,28.5596039727
1374858053,36.8665213333,-122.035871333,56.0,4612.24366072,27.4021849529
1374858062,36.8814713333,-122.047204667,57.0,4691.94957251,44.8011721752
1374858070,36.8814713333,-122.047204667,58.0,4681.69518453,34.5557124484
1374858074,36.8665213333,-122.041538,60.0,4724.11758535,21.0864472005
1374858080,36.876488,-122.041538,59.0,4697.53401339,21.8561198103
1374858094,36.8814713333,-122.052871333,61.0,4779.23289728,31.7504882656
1374858104,36.8665213333,-122.047204667,62.0,4845.03610376,20.1461366443
1374858117,36.876488,-122.047204667,63.0,4841.54612428,16.6877764319
1374858124,36.8814713333,-122.058538,63.0,4895.95567493,39.3468388156
1374858133,36.8665213333,-122.052871333,66.0,4908.08616401,14.67856424
1374858136,36.8665213333,-122.052871333,65.0,4893.73243184,16.9875849715
1374858152,36.8814713333,-122.064204667,67.0,4959.8867446,27.2329939892
1374858161,36.8665213333,-122.058538,67.0,4981.95360629,17.6684322548
1374858175,36.8665213333,-122.058538,69.0,4976.27183419,12.0110416912
1374858179,36.8814713333,-122.069871333,69.0,5026.92751867,35.4337321852
1374858191,36.8665213333,-122.064204667,70.0,5024.22633638,15.0782784928
1374858198,36.8814713333,-122.075538,72.0,5090.63539641,34.0549060346
1374858201,36.8665213333,-122.064204667,71.0,5032.95537704,11.8050660028
1374858220,36.8665213333,-122.069871333,73.0,5084.53922162,12.881556883
1374858229,36.8665213333,-122.069871333,74.0,5127.31131682,9.79433017797
1374858238,36.8665213333,-122.069871333,75.0,5125.35004581,7.83321036261
1374858250,36.8665213333,-122.075538,76.0,5141.45528056,11.0569197279
1374858259,36.8665213333,-122.075538,78.0,5154.3216153,6.29610915991
1374858260,36.8665213333,-122.075538,77.0,5148.34026284,8.14767000625
1374858275,36.8665213333,-122.081204667,79.0,5168.65161942,9.5692428317
1374858282,36.8665213333,-122.081204667,80.0,5180.35587019,6.82971443356
1374858290,36.8665213333,-122.081204667,81.0,5178.6094398,5.08344050767
1374858300,36.8665213333,-122.086871333,82.0,5198.29927065,8.37432088317
1374858308,36.8665213333,-122.086871333,83.0,5200.80457337,5.79618309856
1374858310,36.8665213333,-122.092538,84.0,5214.52922981,11.1465420733
1374858317,36.8665213333,-122.098204667,84.0,5254.54420486,34.2187927172
1374858328,36.8665213333,-122.103871333,85.0,5320.8576354,66.3134305368
1374858339,36.8665213333,-122.103871333,86.0,5367.22645072,46.3688174445
1374858348,36.8665213333,-122.109538,87.0,5407.48252548,86.6248922579
1374858358,36.8665213333,-122.109538,88.0,5515.60720818,61.7558654495
1374858368,36.8665213333,-122.115204667,89.0,5626.39066668,110.783458647
1374858373,36.8665213333,-122.115204667,90.0,5706.96365764,80.5729909691
1374858379,36.8665213333,-122.120871333,90.0,5889.94348305,182.979825413
1374858389,36.8665213333,-122.126538,91.0,6168.09359746,278.150114406
1374858399,36.8665213333,-122.132204667,92.0,6557.47226458,389.378667123
1374858409,36.8665213333,-122.137871333,93.0,7059.91308447,502.440819899
1374858419,36.8665213333,-122.143538,94.0,7658.12860995,598.215525472
1374858430,36.8665213333,-122.149204667,95.0,8315.99411049,657.865500539
1374858438,36.8665213333,-122.154871333,96.0,8984.9018691,668.907758615
1374858449,36.8665213333,-122.160538,97.0,9614.38045585,629.478586747
1374858459,36.8665213333,-122.166204667,98.0,10163.1739215,548.793465701
1374858469,36.8715046667,-122.166204667,99.0,10894.4155732,731.241651653
1374858479,36.876488,-122.166204667,100.0,11739.1638587,844.748285503
1374858488,36.8814713333,-122.166204667,101.0,12587.6385993,848.474740579
1374858497,36.8864546667,-122.166204667,102.0,13330.6764025,743.037803204
1374858508,36.891438,-122.166204667,103.0,13899.5857743,568.909371784
1374858518,36.8964213333,-122.166204667,104.0,14281.4597453,381.873971075
1374858528,36.8964213333,-122.160538,105.0,14562.9936378,281.533892494
1374858539,36.8964213333,-122.154871333,106.0,14715.5507887,152.557150873
1374858549,36.8964213333,-122.149204667,107.0,14776.6190059,61.0682171535
1374858557,36.8964213333,-122.143538,108.0,14794.7694339,18.1504280595
1374858568,36.891438,-122.143538,109.0,14812.9183674,18.1489334535
1374858578,36.891438,-122.149204667,110.0,14850.2329012,37.3145338114
1374858589,36.891438,-122.154871333,111.0,14921.0775713,70.8446701577
1374858599,36.891438,-122.160538,112.0,15045.3836946,124.306123253
1374858609,36.891438,-122.166204667,113.0,15247.1336881,201.749993511
1374858617,36.891438,-122.171871333,114.0,15550.2778622,303.144174114
1374858628,36.891438,-122.177538,115.0,15972.33616,422.058297724
1374858638,36.891438,-122.183204667,116.0,16517.2760175,544.939857541
1374858648,36.891438,-122.188871333,117.0,17170.3093774,653.03335992
1374858657,36.891438,-122.194538,118.0,17897.2232619,726.913884442
1374858667,36.891438,-122.188871333,119.0,18459.2944248,562.071162964
1374858676,36.891438,-122.183204667,120.0,18786.2367111,326.942286302
1374858688,36.891438,-122.188871333,121.0,19235.9338159,449.697104759
1374858699,36.891438,-122.194538,122.0,19810.1220631,574.188247258
1374858709,36.891438,-122.200204667,123.0,20491.2160948,681.094031666
1374858719,36.891438,-122.205871333,124.0,21242.327858,751.111763174
1374858729,36.891438,-122.211538,125.0,22012.993162,770.66530406
1374858735,36.891438,-122.205871333,126.0,22696.437056,683.443893979
1374858749,36.891438,-122.200204667,127.0,23156.8695678,460.432511774
1374858759,36.891438,-122.194538,128.0,23393.542259,236.672691161
1374858769,36.891438,-122.188871333,129.0,23486.7639314,93.2216724307
1374858779,36.891438,-122.183204667,130.0,23515.0201263,28.2561949128
1374858789,36.891438,-122.188871333,131.0,23568.6883809,53.6682545835
1374858797,36.891438,-122.194538,132.0,23663.1657565,94.4773756413
1374858809,36.891438,-122.200204667,133.0,23817.4275709,154.261814342
1374858819,36.891438,-122.205871333,134.0,24051.2133849,233.785814002
1374858829,36.891438,-122.211538,135.0,24380.300621,329.087236129
1374858839,36.891438,-122.217204667,136.0,24810.8633646,430.562743626
1374858850,36.891438,-122.222871333,137.0,25334.8125166,523.949151951
1374858856,36.891438,-122.228538,138.0,25928.2286662,593.416149651
1374858869,36.891438,-122.234204667,139.0,26554.1689719,625.940305633
1374858879,36.891438,-122.239871333,140.0,27169.47515,615.306178121
1374858890,36.8964213333,-122.239871333,141.0,27861.4129713,691.937821349
1374858899,36.9014046667,-122.239871333,142.0,28567.5924197,706.179448361
1374858909,36.906388,-122.239871333,143.0,29222.9688135,655.376393767
1374858917,36.9113713333,-122.239871333,144.0,29777.1268341,554.158020689
1374858929,36.9163546667,-122.239871333,145.0,30200.7886158,427.72746294
1374858939,36.921338,-122.239871333,146.0,30502.7138221,301.925206329
1374858949,36.9163546667,-122.239871333,147.0,30896.0209174,398.204274104
1374858959,36.9163546667,-122.234204667,148.0,31143.9360904,252.77808119
1374858970,36.9163546667,-122.228538,149.0,31265.4862332,126.41305091
1374858976,36.9113713333,-122.228538,150.0,31382.9815592,122.323743693
1374858989,36.906388,-122.228538,151.0,31472.6598107,101.145656323
1374858998,36.906388,-122.234204667,152.0,31633.393862,160.734051337
1374859008,36.906388,-122.239871333,153.0,31865.323525,237.608923166
1374859018,36.906388,-122.245538,154.0,32192.2727724,326.949247401
1374859029,36.906388,-122.251204667,155.0,32597.7622124,419.01104912
1374859036,36.906388,-122.256871333,156.0,33091.5057251,500.448352762
1374859049,36.906388,-122.262538,157.0,33642.2030599,557.364384365
1374859059,36.9113713333,-122.262538,158.0,34216.7268541,574.523794128
1374859069,36.9163546667,-122.262538,159.0,34754.0645651,545.223493244
1374859079,36.921338,-122.262538,160.0,35223.3051461,477.126363118
1374859089,36.9263213333,-122.262538,161.0,35601.0834069,385.626009399
1374859096,36.9313046667,-122.262538,162.0,35881.5726468,288.298512968
1374859110,36.936288,-122.262538,163.0,36062.8457527,199.672567458
1374859122,36.9412713333,-122.262538,164.0,36181.9493695,128.303610672
1374859136,36.9462546667,-122.262538,165.0,36249.4265705,76.6013505765
1374859149,36.951238,-122.262538,167.0,36279.9268057,41.2383982243
1374859155,36.9562213333,-122.262538,168.0,36280.0843769,21.5273568226
1374859169,36.9612046667,-122.262538,169.0,36278.1220595,10.491010297
1374859181,36.9612046667,-122.262538,170.0,36277.7068425,10.2154698903
1374859197,36.966188,-122.262538,171.0,36272.1903939,4.69902126858
1374859215,36.966188,-122.262538,173.0,36269.6523184,4.37736540666
1374859218,36.9711713333,-122.262538,174.0,36244.8781264,1.92518245486
1374859244,36.9711713333,-122.262538,175.0,36218.1218679,1.84408721103
1374859259,36.9761546667,-122.262538,177.0,36204.9553341,0.736792332216
1374859272,36.9761546667,-122.262538,178.0,36204.9158704,0.6973286143
1374859279,36.9761546667,-122.262538,180.0,36146.5260718,0.604025435649
1374859284,36.9761546667,-122.262538,179.0,36191.2157306,0.652601461257
1374859309,36.981138,-122.262538,182.0,36115.3488934,0.230144866016
1374859320,36.9761546667,-122.268204667,183.0,36078.8129234,1.19650961416
1374859331,36.981138,-122.262538,184.0,36030.1005972,0.191431243208
1374859334,36.981138,-122.268204667,186.0,35624.9367538,0.443770140276
1374859340,36.9761546667,-122.268204667,185.0,35807.6111117,0.987302117173
1374859362,36.9761546667,-122.273871333,187.0,35391.3040864,2.07298288165
1374859373,36.981138,-122.268204667,188.0,35390.2261706,0.359865693312
1374859382,36.981138,-122.268204667,189.0,34349.1948288,0.319223763543
1374859391,36.9761546667,-122.273871333,190.0,34350.3470657,1.47146066105
1374859394,36.981138,-122.273871333,192.0,33688.5900351,0.638795909064
1374859402,36.9761546667,-122.273871333,191.0,34107.1333768,1.28643746949
1374859421,36.9861213333,-122.268204667,193.0,33563.1858906,0.0961634532152
1374859428,36.981138,-122.273871333,194.0,33247.9655177,0.485666083198
1374859437,36.981138,-122.279538,195.0,32919.898853,1.22281510036
1374859447,36.981138,-122.273871333,195.0,32652.8098762,0.41744258994
1374859454,36.9761546667,-122.279538,196.0,32654.1972525,1.70865545273
1374859457,36.981138,-122.285204667,198.0,32316.7191747,2.2363356961
1374859466,36.9761546667,-122.273871333,197.0,32568.1734399,0.469521283574
1374859483,36.981138,-122.279538,199.0,32161.9809252,0.67278081949
1374859495,36.981138,-122.290871333,200.0,31919.9020163,4.45532332607
1374859505,36.9761546667,-122.279538,201.0,31854.2853591,0.679265178158
1374859516,36.9761546667,-122.279538,202.0,31854.1558082,0.549714306412
1374859527,36.981138,-122.285204667,203.0,31799.3362423,1.0191565507
1374859538,36.981138,-122.296538,205.0,31763.5862623,5.61502540186
1374859546,36.9761546667,-122.285204667,206.0,31703.7484436,0.740101180344
1374859556,36.9761546667,-122.285204667,206.0,31682.4420381,0.740101180344
1374859565,36.981138,-122.290871333,207.0,31684.1699597,1.44886617499
1374859576,36.981138,-122.302204667,208.0,31665.4536613,8.86803065986
1374859579,36.9761546667,-122.290871333,210.0,31622.1684088,0.936488816657
1374859585,36.9761546667,-122.290871333,209.0,31638.3634188,1.18382358234
1374859607,36.981138,-122.296538,212.0,31570.2218108,1.56642775724
1374859618,36.9761546667,-122.296538,213.0,31562.8949344,1.42261685051
1374859628,36.9761546667,-122.296538,213.0,31536.845764,1.42261685051
1374859630,36.981138,-122.302204667,216.0,31521.2526528,1.9315101806
1374859639,36.9761546667,-122.296538,215.0,31518.6176612,0.862946257786
1374859657,36.9761546667,-122.302204667,217.0,31474.9030903,1.6041047154
1374859669,36.981138,-122.307871333,218.0,31465.1008939,3.52605968581
1374859678,36.9761546667,-122.302204667,218.0,31417.8181434,1.24033499717
1374859687,36.9761546667,-122.302204667,219.0,31417.5290665,0.951258140686
1374859695,36.9761546667,-122.307871333,220.0,31407.501613,2.20125681529
1374859698,36.9761546667,-122.307871333,222.0,31393.7363372,1.29712688502
1374859706,36.981138,-122.313538,221.0,31403.939038,4.90695227392
1374859723,36.9761546667,-122.307871333,223.0,31383.3173228,0.983774049964
1374859733,36.9761546667,-122.313538,224.0,31373.5970552,2.20890185171
1374859744,36.981138,-122.319204667,225.0,31381.4432939,5.14818830552
1374859754,36.981138,-122.319204667,226.0,31370.7725434,4.04668062075
1374859758,36.9761546667,-122.319204667,228.0,31351.71077,2.07970712527
1374859765,36.9761546667,-122.313538,227.0,31356.7511173,0.954635434698
1374859784,36.981138,-122.324871333,229.0,31342.8949339,5.05840798431
1374859795,36.9761546667,-122.324871333,230.0,31313.9310429,3.23228648018
1374859806,36.9761546667,-122.319204667,231.0,31245.2549579,0.869632032166
1374859815,36.9761546667,-122.319204667,232.0,31198.656887,0.640378598638
1374859818,36.9761546667,-122.330538,234.0,31060.6708429,2.7443976933
1374859823,36.981138,-122.330538,233.0,31121.1085542,4.6585300533
1374859843,36.9761546667,-122.324871333,235.0,30868.1839164,0.744288730956
1374859853,36.9761546667,-122.336204667,236.0,30691.7464343,3.90185576765
1374859863,36.981138,-122.336204667,237.0,30418.3787976,4.02580348353
1374859874,36.981138,-122.336204667,238.0,30028.0305755,3.05624845903
1374859878,36.9761546667,-122.341871333,240.0,28935.9868628,2.99693315944
1374859884,36.9761546667,-122.330538,239.0,29523.876955,0.599159133702
1374859904,36.981138,-122.341871333,241.0,28278.3936568,3.26922767009
1374859916,36.9761546667,-122.347538,242.0,27616.1799379,3.91008581468
1374859925,36.9761546667,-122.336204667,243.0,26983.8447341,0.454309623206
1374859930,36.981138,-122.347538,246.0,25708.4812933,1.85675851958
1374859936,36.9761546667,-122.336204667,244.0,26434.9214463,0.32448747208
1374859938,36.9761546667,-122.353204667,246.0,24868.5152466,2.7289114573
1374859959,36.981138,-122.353204667,247.0,24022.8809855,3.25832284655
1374859968,36.9761546667,-122.358871333,248.0,23282.918325,3.28006663964
1374859976,36.9761546667,-122.358871333,249.0,23282.0778386,2.43958015739
1374859988,36.9761546667,-122.358871333,250.0,22330.6561903,1.80127479151
1374859996,36.9761546667,-122.364538,252.0,21905.8336635,2.09182171023
1374860003,36.981138,-122.358871333,251.0,22056.1244285,2.26501593814
1374860026,36.9761546667,-122.364538,253.0,21846.0158705,1.54097100581
1374860037,36.9761546667,-122.370204667,254.0,21833.0083042,2.32699510484
1374860048,36.9861213333,-122.358871333,256.0,21813.3327994,0.800423853342
1374860058,36.9861213333,-122.358871333,257.0,21775.7972931,0.579451340313
1374860068,36.981138,-122.364538,257.0,21706.7068845,0.792741918594
1374860077,36.981138,-122.370204667,259.0,21584.8657674,0.930752871895
1374860087,36.9911046667,-122.358871333,260.0,21383.3449498,0.359504958372
1374860098,36.9911046667,-122.358871333,260.0,21080.780227,0.359504958372
1374860108,36.981138,-122.370204667,262.0,20659.5030803,0.3479140736
1374860116,36.9861213333,-122.370204667,262.0,20115.7995037,0.653442089779
1374860119,36.996088,-122.358871333,264.0,18736.0696708,0.151843714842
1374860126,36.996088,-122.358871333,263.0,19462.6859281,0.213721517515
1374860143,36.9861213333,-122.370204667,265.0,18174.434282,0.239703798579
1374860152,36.9911046667,-122.370204667,266.0,17848.3717151,0.314137401439
1374860161,37.0010713333,-122.358871333,267.0,17398.6602307,0.08603620007
1374860171,37.0010713333,-122.358871333,268.0,16824.4463124,0.0603651882223
1374860176,36.996088,-122.370204667,270.0,15392.9617842,0.141754365507
1374860181,36.9911046667,-122.370204667,269.0,16143.6425117,0.110892349545
1374860197,37.0060546667,-122.358871333,271.0,14622.1873366,0.0326108541009
1374860207,37.0010713333,-122.370204667,272.0,13939.1462977,0.122454061538
1374860216,36.996088,-122.370204667,273.0,13478.6395158,0.0481838740002
1374860226,36.996088,-122.370204667,274.0,13478.6571395,0.0331967971739
1374860232,37.0010713333,-122.370204667,276.0,13120.6727458,0.0287235789833
1374860236,37.011038,-122.358871333,275.0,13242.0853454,0.0116397504721
1374860253,37.0010713333,-122.370204667,277.0,13067.0286355,0.0196710846708
1374860262,37.0060546667,-122.370204667,277.0,12972.6066506,0.0346984959713
1374860271,37.0160213333,-122.358871333,278.0,12972.5777009,0.00574880649825
1374860281,37.0010713333,-122.364538,279.0,12818.3326137,0.00280488948442
1374860292,37.0060546667,-122.364538,280.0,12584.582092,0.00339869929769
1374860299,37.0010713333,-122.358871333,282.0,11824.9374831,0.000215865251898
1374860302,37.0160213333,-122.353204667,281.0,12255.4976571,0.000451096334261
1374860319,37.0060546667,-122.358871333,283.0,10707.5756267,0.000262350437843
1374860328,37.0160213333,-122.347538,284.0,10707.5760593,2.7989557183e-05
1374860338,37.0160213333,-122.347538,285.0,10081.6357434,1.77626634885e-05
1374860348,37.0060546667,-122.353204667,286.0,9466.32982596,1.60475689909e-05
1374860357,37.0160213333,-122.341871333,288.0,8068.2125868,8.47345580268e-07
1374860358,37.0160213333,-122.341871333,287.0,8774.39201793,1.3804756151e-06
1374860366,37.0060546667,-122.347538,0.0,7412.83620824,2.66307973661e-09
1374860382,37.0160213333,-122.336204667,1.0,6858.67818978,5.16807705874e-09
1374860392,37.0060546667,-122.341871333,2.0,6430.95072684,3.77194976033e-09
1374860408,37.0160213333,-122.330538,3.0,6129.02552052,7.26389990735e-09
1374860421,37.0060546667,-122.336204667,4.0,5730.82124642,5.34476685183e-09
1374860433,37.0060546667,-122.336204667,5.0,5478.04316523,4.7020885522e-09
1374860446,37.0160213333,-122.324871333,7.0,5229.30637064,7.94808824735e-09
1374860460,37.0060546667,-122.330538,8.0,5128.16071432,5.87136302744e-09
1374860471,37.0060546667,-122.330538,9.0,4967.42666298,5.15967817088e-09
1374860480,37.0160213333,-122.319204667,10.0,4729.81773983,9.87742519222e-09
1374860482,37.0060546667,-122.324871333,12.0,3983.85744332,6.45386277446e-09
1374860486,37.0160213333,-122.319204667,11.0,4402.86849243,8.6998038977e-09
1374860649,37.0160213333,-122.313538,28.0,162.497748143,1.60681728926e-09
1374860660,37.0160213333,-122.307871333,29.0,158.120382739,2.67160044778e-09
1374860667,37.0160213333,-122.302204667,30.0,156.195200288,4.42496902151e-09
1374860679,37.0160213333,-122.296538,31.0,156.195200296,7.30025010789e-09
1374860688,37.0160213333,-122.290871333,32.0,156.195200308,1.19952179174e-08
1374860698,37.0160213333,-122.285204667,33.0,154.351113116,1.96279345273e-08
1374860708,37.0160213333,-122.279538,34.0,153.614320816,3.19807973875e-08
1374860718,37.0160213333,-122.273871333,35.0,152.916992254,5.18804066096e-08
1374860726,37.0160213333,-122.273871333,36.1,152.312966864,4.56706943883e-08
1374860738,37.0160213333,-122.273871333,37.1,151.660365442,4.01528872197e-08
1374860748,37.0160213333,-122.273871333,38.1,151.660365478,3.52560459456e-08
1374860758,37.0160213333,-122.273871333,39.0,151.430220643,3.09158156884e-08
1374860769,37.0160213333,-122.273871333,40.0,150.233711056,2.70738860917e-08
1374860779,37.0160213333,-122.273871333,41.0,149.598509696,2.36774890401e-08
1374860787,37.0160213333,-122.273871333,42.0,148.611207599,2.0678931836e-08
1374860799,37.0160213333,-122.273871333,43.0,148.611207617,1.80351638773e-08
1374860809,37.0160213333,-122.273871333,44.0,146.538224751,1.57073749435e-08
1374860817,37.0160213333,-122.273871333,45.0,146.538224765,1.36606232642e-08
1374860832,37.0160213333,-122.273871333,46.0,145.85913532,1.18634916114e-08
1374860840,37.0160213333,-122.273871333,47.0,143.74887876,1.02877697243e-08
1374860847,37.0160213333,-122.273871333,48.0,142.4624413,8.90816144398e-09
1374860859,37.0160213333,-122.273871333,49.0,142.462441307,7.70201499887e-09
1374860869,37.0160213333,-122.273871333,50.0,142.366277861,6.64907495491e-09
1374860879,37.0160213333,-122.273871333,51.0,141.880611783,5.73125440533e-09
1374860888,37.0160213333,-122.273871333,52.0,140.657796688,4.93242604447e-09
1374860898,37.0160213333,-122.273871333,53.0,140.240354102,4.2382308333e-09
1374860904,37.0160213333,-122.273871333,54.0,136.295362957,3.63590302917e-09
1374860917,37.0160213333,-122.273871333,55.0,135.825841676,3.11411041442e-09
1374860927,37.0160213333,-122.273871333,56.0,135.825841679,2.66280862041e-09
1374860937,37.0160213333,-122.273871333,57.0,135.153060862,2.27310850338e-09
1374860948,37.0160213333,-122.273871333,58.0,130.697737538,1.93715558678e-09
1374860957,37.0160213333,-122.273871333,59.0,130.018472361,1.64802064192e-09
1374860965,37.0160213333,-122.273871333,60.0,129.468758056,1.39960053321e-09
1374860977,37.0160213333,-122.273871333,61.0,128.449601507,1.18652850814e-09
1374860987,37.0160213333,-122.273871333,62.0,122.834576106,1.00409316288e-09
1374860998,37.0160213333,-122.273871333,63.0,122.094474926,8.48165364102e-10
1374861009,37.0160213333,-122.273871333,64.0,121.354373747,7.15132455027e-10
1374861019,37.0160213333,-122.273871333,65.0,119.905507572,6.01839119036e-10
1374861027,37.0160213333,-122.273871333,66.0,110.100988096,5.05534317681e-10
1374861039,37.0160213333,-122.273871333,67.0,108.917164514,4.23823761382e-10
1374861049,37.0160213333,-122.273871333,68.0,108.917164515,3.54627410472e-10
1374861059,37.0160213333,-122.273871333,69.0,107.350736758,2.96141541699e-10
1374861068,37.0160213333,-122.273871333,70.0,105.928119908,2.46804950753e-10
1374861077,37.0160213333,-122.273871333,71.0,102.573992877,2.05268894894e-10
1374861087,37.0160213333,-122.273871333,72.0,101.711046619,1.70370411363e-10
1374861098,37.0160213333,-122.273871333,73.0,101.711046619,1.41108676998e-10
1374861108,37.011038,-122.273871333,74.0,100.106941904,1.63172830886e-10
1374861118,37.0060546667,-122.273871333,75.0,96.5808822183,1.87101169898e-10
1374861129,37.0010713333,-122.273871333,76.0,95.3405472214,2.12693023563e-10
1374861139,36.996088,-122.273871333,77.0,92.1880322656,2.39656753248e-10
1374861147,36.9911046667,-122.273871333,78.0,90.8909053809,2.67605704405e-10
1374861159,36.9861213333,-122.273871333,79.0,85.9839531073,2.96058717078e-10
1374861169,36.981138,-122.273871333,80.0,85.0001790576,3.24446083484e-10
1374861179,36.9761546667,-122.273871333,81.0,82.7912772063,3.52121589717e-10
1374861188,36.9711713333,-122.273871333,82.0,82.7912772066,3.78380912736e-10
1374861198,36.966188,-122.273871333,83.0,77.6430889015,4.02486176718e-10
1374861204,36.9612046667,-122.273871333,84.0,71.5167011559,4.23695932618e-10
1374861218,36.9562213333,-122.273871333,85.0,70.5620657217,4.41299254289e-10
1374861228,36.951238,-122.273871333,86.0,70.5620657221,4.54652099599e-10
1374861238,36.9462546667,-122.273871333,87.0,65.5036577383,4.63213629141e-10
1374861250,36.9412713333,-122.273871333,88.0,62.2713712586,4.66579873264e-10
1374861260,36.936288,-122.273871333,89.0,61.4017392269,4.64512047678e-10
1374861268,36.9313046667,-122.273871333,90.0,53.3584328821,4.56956979319e-10
1374861281,36.9263213333,-122.273871333,91.0,53.3584328825,4.44057533529e-10
1374861291,36.921338,-122.273871333,92.0,52.614144152,4.26151615188e-10
1374861301,36.9163546667,-122.273871333,93.0,48.7122883847,4.03759201689e-10
1374861311,36.9113713333,-122.273871333,94.0,44.6864849016,3.77557876886e-10
1374861321,36.906388,-122.273871333,95.0,44.6864849019,3.48348399613e-10
1374861327,36.9014046667,-122.273871333,96.0,38.0341441501,3.17013109925e-10
1374861340,36.8964213333,-122.273871333,97.0,38.0341441504,2.84473079795e-10
1374861348,36.891438,-122.273871333,98.0,38.0341441506,2.51663014552e-10
1374861358,36.8864546667,-122.273871333,99.0,34.7649164808,2.19592200086e-10
1374861368,36.8814713333,-122.273871333,100.0,30.8548306663,1.89687006609e-10
1374861378,36.876488,-122.273871333,101.0,28.5437625236,1.64766114093e-10
1374861387,36.8715046667,-122.273871333,102.0,25.4903635944,1.50763920938e-10
1374861401,36.8665213333,-122.273871333,103.0,25.4903635946,1.57920265232e-10
1374861411,36.861538,-122.273871333,104.0,22.2320407482,1.9795165807e-10
1374861421,36.8565546667,-122.273871333,105.0,18.9519741089,2.74329084436e-10
1374861430,36.8515713333,-122.273871333,106.0,16.5123939518,3.70230076593e-10
1374861440,36.846588,-122.273871333,107.0,14.7111191608,4.4771809131e-10
1374861448,36.8416046667,-122.273871333,108.0,10.3542815129,4.67094790909e-10
1374861460,36.8366213333,-122.273871333,109.0,10.3542815133,4.14330035935e-10
1374861470,36.831638,-122.273871333,110.0,10.3542815136,3.11147880032e-10
1374861480,36.8266546667,-122.273871333,111.0,8.81331050798,1.97978241229e-10
1374861490,36.8216713333,-122.273871333,112.0,6.48631540325,1.07252989878e-10
1374861501,36.816688,-122.273871333,113.0,5.68589154996,5.00145235605e-11
1374861508,36.8117046667,-122.273871333,114.0,5.10644020967,2.05526567702e-11
1374861520,36.8067213333,-122.273871333,115.0,4.31369829108,7.81832219062e-12
1374861530,36.8067213333,-122.268204667,116.0,3.3829454193,1.11552745402e-10
1374861540,36.8067213333,-122.262538,117.0,3.02344046244,1.50992384754e-09
1374861550,36.8067213333,-122.256871333,118.0,2.66393551943,1.53614332013e-08
1374861559,36.8067213333,-122.251204667,119.0,2.31602156031,1.14478875695e-07
1374861567,36.8067213333,-122.245538,120.0,1.510736381,6.25313260492e-07
1374861579,36.8067213333,-122.239871333,121.0,1.2970173772,2.51371598528e-06
1374861590,36.8067213333,-122.234204667,122.0,1.05732104955,7.47093264661e-06
1374861600,36.8067213333,-122.228538,123.0,0.743200140854,1.64927399061e-05
1374861611,36.8067213333,-122.222871333,124.0,0.65719111011,2.71693259828e-05
1374861621,36.8067213333,-122.217204667,125.0,0.596859474855,3.35529673529e-05
1374861627,36.8117046667,-122.217204667,126.0,0.34442632837,0.000213568567112
1374861640,36.816688,-122.217204667,127.0,0.345618498444,0.00119217007369
1374861650,36.8216713333,-122.217204667,128.0,0.318857827214,0.00585018287126
1374861660,36.8266546667,-122.217204667,129.0,0.221703125774,0.0252993600982
1374861671,36.831638,-122.217204667,130.0,0.270178483196,0.0966592314214
1374861680,36.8366213333,-122.217204667,131.0,0.535333357779,0.32707525074
1374861688,36.8416046667,-122.217204667,132.0,1.50630028126,0.982606673951
1374861701,36.846588,-122.217204667,133.0,4.11373039892,2.62710120233
1374861711,36.8515713333,-122.217204667,134.0,10.3445491482,6.26551724529
1374861721,36.8565546667,-122.217204667,135.0,23.6991856828,13.360385341
1374861731,36.861538,-122.217204667,136.0,49.2259295943,25.529548801
1374861741,36.8665213333,-122.217204667,137.0,93.034339983,43.811809088
1374861748,36.8715046667,-122.217204667,138.0,160.705339665,67.6716666434
1374861761,36.876488,-122.217204667,139.0,254.984613387,94.2792737224
1374861771,36.8814713333,-122.217204667,140.0,373.705445483,118.721094446
1374861780,36.8864546667,-122.217204667,141.0,509.110019099,135.404601606
1374861791,36.891438,-122.217204667,142.0,649.264686459,140.154685123
1374861801,36.8964213333,-122.217204667,143.0,781.184114969,131.919444558
1374861807,36.9014046667,-122.217204667,144.0,894.31447449,113.130361749
1374861820,36.906388,-122.217204667,145.0,982.875982881,88.5615083931
1374861829,36.906388,-122.222871333,146.0,1129.26102561,146.385042731
1374861840,36.906388,-122.228538,147.0,1354.18333298,224.92230738
1374861851,36.906388,-122.234204667,148.0,1675.64580891,321.462475924
1374861861,36.906388,-122.239871333,149.0,2103.27148978,427.62568088
1374861867,36.906388,-122.245538,150.0,2633.06044416,529.788954382
1374861877,36.906388,-122.251204667,151.0,3244.72552538,611.665081228
1374861888,36.906388,-122.256871333,152.0,3903.22950937,658.503983991
1374861898,36.906388,-122.262538,153.0,4564.67735554,661.447846173
1374861908,36.9113713333,-122.262538,154.0,5240.16431297,675.48695744
1374861919,36.9163546667,-122.262538,155.0,5873.45043606,633.286123094
1374861927,36.921338,-122.262538,156.0,6419.42429488,545.97385884
1374861939,36.9263213333,-122.262538,157.0,6852.98142183,433.557126962
1374861949,36.9313046667,-122.262538,158.0,7170.61315014,317.63172831
1374861959,36.9263213333,-122.262538,159.0,7591.62616049,421.013010347
1374861970,36.921338,-122.262538,160.0,8068.75252361,477.126363119
1374861980,36.921338,-122.262538,161.0,8513.54130856,444.788784946
1374861988,36.921338,-122.262538,162.0,8922.36497378,408.823665226
1374861999,36.921338,-122.268204667,163.0,9429.58490847,507.219934684
1374862009,36.921338,-122.273871333,164.0,10016.6708756,587.085967121
1374862019,36.921338,-122.279538,165.0,10650.9721244,634.301248774
1374862029,36.921338,-122.285204667,166.0,11291.0282773,640.056152919
1374862038,36.9263213333,-122.285204667,167.0,11910.6197586,619.591481323
1374862044,36.9313046667,-122.285204667,168.0,12466.4426017,555.822843067
1374862058,36.936288,-122.285204667,169.0,12929.1772329,462.734631245
1374862068,36.936288,-122.285204667,170.0,13396.9336319,467.756398949
1374862078,36.936288,-122.285204667,171.0,13863.165171,466.231539113
1374862088,36.936288,-122.285204667,172.0,14321.4899718,458.324800868
1374862098,36.936288,-122.285204667,173.0,14765.9469132,444.45694131
1374862106,36.936288,-122.285204667,174.0,15191.216868,425.269954888
1374862118,36.936288,-122.285204667,175.0,15592.7964887,401.579620665
1374862128,36.936288,-122.285204667,176.0,15967.1165617,374.320073045
1374862138,36.936288,-122.285204667,177.0,16311.6019853,344.485423598
1374862151,36.936288,-122.285204667,178.0,16624.6752147,313.073229402
1374862160,36.936288,-122.290871333,179.0,17031.733362,407.058147308
1374862167,36.936288,-122.296538,180.0,17525.8206626,494.087300622
1374862179,36.936288,-122.302204667,181.0,18085.9846225,560.16396001
1374862189,36.936288,-122.307871333,182.0,18679.4776003,593.492977874
1374862198,36.936288,-122.313538,183.0,19267.4093602,587.931759914
1374862209,36.9412713333,-122.313538,184.0,19856.8668959,589.457535697
1374862219,36.9462546667,-122.313538,185.0,20409.6163949,552.749499008
1374862227,36.951238,-122.313538,186.0,20894.9785124,485.36211752
1374862238,36.9562213333,-122.313538,187.0,21294.5249658,399.54645342
1374862248,36.9612046667,-122.313538,188.0,21603.2168038,308.691838073
1374862258,36.9612046667,-122.313538,189.0,21920.9394537,317.722649892
1374862270,36.9612046667,-122.313538,190.0,22243.8986049,322.959151177
1374862280,36.9612046667,-122.313538,191.0,22568.1684691,324.269864274
1374862288,36.9612046667,-122.313538,192.0,22889.8354755,321.667006347
1374862300,36.9612046667,-122.313538,193.0,23205.1376395,315.302164016
1374862311,36.9612046667,-122.313538,194.0,23510.5915781,305.453938674
1374862320,36.9612046667,-122.313538,195.0,23803.1004183,292.508840202
1374862329,36.9612046667,-122.313538,196.0,24080.0375856,276.937167246
1374862340,36.9612046667,-122.313538,197.0,24339.3034656,259.265880035
1374862348,36.9612046667,-122.313538,198.0,24579.3540015,240.050535927
1374862360,36.9612046667,-122.319204667,199.0,24903.1273305,323.773328995
1374862370,36.9612046667,-122.324871333,200.0,25311.2353727,408.108042163
1374862380,36.9612046667,-122.330538,201.0,25792.2354232,481.00005056
1374862389,36.9612046667,-122.336204667,202.0,26322.6211553,530.38573209
1374862399,36.9612046667,-122.341871333,203.0,26870.0866844,547.465529079
1374862405,36.9612046667,-122.347538,204.0,27399.3625307,529.275846324
1374862419,36.9612046667,-122.353204667,205.0,27878.8866239,479.524093186
1374862430,36.9612046667,-122.358871333,206.0,28286.2529646,407.366340723
1374862440,36.966188,-122.358871333,207.0,28718.0063294,431.75336481
1374862449,36.9711713333,-122.358871333,208.0,29149.9786028,431.972273334
1374862459,36.9761546667,-122.358871333,209.0,29558.3238269,408.345224161
1374862468,36.981138,-122.358871333,210.0,29923.35054,365.026713108
1374862481,36.981138,-122.358871333,211.0,30317.4353414,394.084801401
1374862491,36.981138,-122.358871333,212.0,30737.9237286,420.488387204
1374862501,36.981138,-122.358871333,213.0,31181.4149393,443.491210625
1374862511,36.981138,-122.358871333,214.0,31643.8480195,462.433080198
1374862521,36.981138,-122.358871333,215.0,32120.6198705,476.771851048
1374862528,36.981138,-122.358871333,216.0,32606.72919,486.109319497
1374862539,36.981138,-122.358871333,217.0,33096.9385024,490.209312394
1374862548,36.981138,-122.358871333,218.0,33585.9453618,489.006859424
1374862559,36.981138,-122.358871333,219.0,34068.5533911,482.608029283
1374862569,36.9861213333,-122.358871333,220.0,34509.2366541,440.68326304
1374862579,36.9911046667,-122.358871333,221.0,34891.2215265,381.984872359
1374862587,36.996088,-122.358871333,222.0,35205.7547583,314.533231809
1374862599,37.0010713333,-122.358871333,223.0,35451.9583199,246.203561547
1374862609,37.0060546667,-122.358871333,224.0,35635.2867385,183.328418615
1374862620,37.011038,-122.358871333,225.0,35765.2339209,129.947182384
1374862630,37.0160213333,-122.358871333,226.0,35852.9730475,87.7391266427
1374862640,37.0160213333,-122.364538,227.0,35970.0564974,117.083449895
1374862646,37.0160213333,-122.370204667,228.0,36116.6328426,146.576345154
1374862660,37.0160213333,-122.375871333,229.0,36288.8876757,172.254833144
1374862669,37.0160213333,-122.381538,230.0,36479.0353872,190.147711509
1374862678,37.0160213333,-122.381538,231.0,36687.7669587,208.731571493
1374862688,37.0160213333,-122.381538,232.0,36914.4339686,226.667009912
1374862699,37.0160213333,-122.381538,233.0,37157.959493,243.525524432
1374862707,37.0160213333,-122.381538,234.0,37416.8455522,258.886059136
1374862719,37.0160213333,-122.381538,235.0,37689.1984566,272.352904402
1374862730,37.0160213333,-122.381538,236.0,37972.7714463,283.572989684
1374862740,37.0160213333,-122.381538,237.0,38265.0229398,292.251493571
1374862751,37.0160213333,-122.381538,238.0,38563.1877361,298.164796276
1374862761,37.0160213333,-122.381538,239.0,38864.3577152,301.169979066
1374862768,37.0160213333,-122.381538,240.0,39165.5680321,301.210316948
1374862780,37.0160213333,-122.381538,241.0,39463.8845249,298.316492733
1374862789,37.0160213333,-122.381538,242.0,39756.488082,292.603557132
1374862799,37.0160213333,-122.381538,243.0,40040.7520262,284.263944212
1374862809,37.0160213333,-122.381538,244.0,40314.3091273,273.557101143
1374862817,37.0160213333,-122.381538,245.0,40575.1056129,260.796485561
1374862827,37.0160213333,-122.387204667,246.0,40902.7786256,327.673012682
1374862838,37.0160213333,-122.392871333,247.0,41290.5814401,387.802814505
1374862849,37.0160213333,-122.398538,248.0,41723.1955003,432.614060247
1374862859,37.0160213333,-122.404204667,249.0,42178.3903807,455.194880353
1374862869,37.0160213333,-122.409871333,250.0,42630.4424478,452.052067105
1374862879,37.0160213333,-122.415538,251.0,43054.4374999,423.995052062
1374862886,37.0160213333,-122.421204667,252.0,43430.2756211,375.83812125
1374862898,37.0210046667,-122.421204667,253.0,43819.8080709,389.53244976
1374862908,37.025988,-122.421204667,254.0,44205.3409141,385.532843248
1374862918,37.0309713333,-122.421204667,255.0,44569.8944779,364.553563776
1374862931,37.0309713333,-122.415538,256.0,44973.9046228,404.010144967
1374862940,37.0359546667,-122.415538,257.0,45333.873688,359.969065143
1374862947,37.040938,-122.415538,258.0,45640.6455842,306.771896239
1374862959,37.040938,-122.409871333,259.0,45927.2699046,286.624320414
1374862969,37.040938,-122.404204667,260.0,46159.8902272,232.620322527
1374862981,37.040938,-122.398538,261.0,46324.1192949,164.229067701
1374862991,37.0359546667,-122.398538,262.0,46499.9639729,175.844678064
1374863001,37.0309713333,-122.398538,263.0,46668.5824813,168.618508334
1374863008,37.025988,-122.398538,264.0,46813.5650486,144.982567469
1374863019,37.0210046667,-122.398538,265.0,46925.4816321,111.916584151
1374863029,37.0160213333,-122.398538,266.0,47003.1368609,77.6552313031
1374863041,37.011038,-122.398538,267.0,47051.6288466,48.4919931894
1374863051,37.0060546667,-122.398538,268.0,47078.9131927,27.284362523
1374863061,37.0010713333,-122.398538,269.0,47092.762199,13.8490334967
1374863069,37.0010713333,-122.392871333,270.0,47098.8051096,6.04294412
1374863081,37.0010713333,-122.387204667,271.0,47101.1187984,2.3139023573
1374863090,37.0010713333,-122.381538,272.0,47101.8961134,0.778507250101
1374863101,37.0010713333,-122.375871333,273.0,47102.1206972,0.230433985161
1374863111,37.0010713333,-122.370204667,274.0,47102.1554783,0.0600804274354
1374863120,37.0010713333,-122.364538,275.0,47102.072634,0.0138149693515
1374863128,37.0010713333,-122.358871333,276.0,47101.7483637,0.00280489514906
1374863139,37.0010713333,-122.353204667,277.0,47100.7662604,0.000503435868331
1374863151,37.0010713333,-122.347538,278.0,47098.1392392,7.99715082706e-05
1374863161,37.0010713333,-122.341871333,279.0,47091.8737332,1.1256015816e-05
1374863171,37.0010713333,-122.336204667,280.0,47078.5133493,1.40533228329e-06
1374863181,37.0010713333,-122.330538,281.0,47052.9838006,1.55810599871e-07
1374863189,37.0010713333,-122.324871333,282.0,47009.1719916,1.53571114559e-08
1374863201,36.996088,-122.324871333,283.0,46941.5003249,4.41452087871e-09
1374863211,36.9911046667,-122.324871333,284.0,46847.2210512,1.1566224303e-09
1374863221,36.9861213333,-122.324871333,285.0,46728.4999568,2.76503235649e-10
1374863232,36.981138,-122.324871333,286.0,46593.0953552,6.03771291433e-11
1374863241,36.9761546667,-122.324871333,287.0,46452.94067,1.20550191391e-11
1374863246,36.9711713333,-122.324871333,288.0,46321.0212255,2.20314284823e-12
1374863258,36.966188,-122.324871333,0.0,46207.8908638,1.09753838555e-07
1374863271,36.9612046667,-122.324871333,1.0,46119.3293556,1.1316995229e-07
1374863280,36.9562213333,-122.324871333,2.0,45972.9443129,1.15954969062e-07
1374863291,36.951238,-122.324871333,3.0,45748.0220057,1.18044474012e-07
1374863301,36.9462546667,-122.324871333,4.0,45426.5595299,1.19385178779e-07
1374863311,36.9412713333,-122.324871333,5.0,44998.9338491,1.19936987959e-07
1374863318,36.936288,-122.324871333,6.0,44469.1448949,1.19674729976e-07
1374863330,36.9313046667,-122.324871333,7.0,43857.4798138,1.18589457576e-07
1374863339,36.9263213333,-122.324871333,8.0,43198.9758299,1.1668923783e-07
1374863349,36.921338,-122.324871333,9.0,42537.5279838,1.13999371823e-07
1374863360,36.9163546667,-122.324871333,10.0,41862.0410265,1.10562009434e-07
1374863370,36.9113713333,-122.324871333,11.0,41228.7549035,1.06435153337e-07
1374863378,36.906388,-122.324871333,12.0,40682.7810448,1.01691077082e-07
1374863390,36.9014046667,-122.324871333,13.0,40249.2239179,9.6414212781e-08
1374863400,36.8964213333,-122.324871333,14.0,39931.5921897,9.06985926386e-08
1374863410,36.891438,-122.324871333,15.0,39510.5791794,8.46449532209e-08
1374863421,36.8864546667,-122.324871333,16.0,39033.4528164,7.83576301779e-08
1374863431,36.8814713333,-122.324871333,17.0,38588.6640315,7.1941382699e-08
1374863438,36.876488,-122.324871333,18.0,38179.8403663,6.54982902954e-08
1374863448,36.8715046667,-122.324871333,19.0,37672.6204317,5.91248592471e-08
1374863459,36.8665213333,-122.324871333,20.0,37085.5344646,5.29094625099e-08
1374863469,36.861538,-122.324871333,21.0,36451.2332159,4.69302159878e-08
1374863479,36.8565546667,-122.324871333,22.0,35811.177063,4.12533673391e-08
1374863490,36.8515713333,-122.324871333,23.0,35191.5855818,3.59322428597e-08
1374863497,36.846588,-122.324871333,24.0,34635.7627387,3.1006765695e-08
1374863508,36.8416046667,-122.324871333,25.0,34173.0281075,2.65035270028e-08
1374863518,36.8366213333,-122.324871333,26.0,33705.2717086,2.24363629063e-08
1374863531,36.831638,-122.324871333,27.0,33239.0401695,1.88073660469e-08
1374863541,36.8266546667,-122.324871333,28.0,32780.7153686,1.56082426899e-08
1374863551,36.8266546667,-122.319204667,29.0,32336.2584273,2.68911129149e-08
1374863558,36.8266546667,-122.313538,30.0,31910.9884725,4.6171391458e-08
1374863569,36.8266546667,-122.307871333,31.0,31509.4088519,7.89958079941e-08
1374863579,36.8266546667,-122.302204667,32.0,31135.088779,1.34666197867e-07
1374863590,36.8266546667,-122.296538,33.0,30790.6033556,2.2871374999e-07
1374863600,36.8266546667,-122.290871333,34.0,30477.5301266,3.86954395374e-07
1374863611,36.831638,-122.290871333,35.0,30070.4719797,3.66076685696e-07
1374863618,36.8366213333,-122.290871333,36.0,29576.3846794,3.43230240756e-07
1374863629,36.8416046667,-122.290871333,37.0,29016.2207197,3.18879161159e-07
1374863640,36.846588,-122.290871333,38.0,28422.7277421,2.9350692614e-07
1374863651,36.8515713333,-122.290871333,39.0,27834.7959825,2.67599458305e-07
1374863661,36.8565546667,-122.290871333,40.0,27245.338447,2.41628585754e-07
1374863672,36.861538,-122.290871333,41.0,26692.5889482,2.160367422e-07
1374863686,36.861538,-122.285204667,43.0,26207.226831,3.31095756726e-07
1374863700,36.861538,-122.279538,44.0,25498.9885401,5.70295078258e-07
1374863714,36.861538,-122.279538,45.0,25181.2658902,5.07950743307e-07
1374863728,36.8665213333,-122.279538,46.0,24858.3067395,4.51356563175e-07
1374863731,36.861538,-122.273871333,48.0,24534.036876,6.95297090124e-07
1374863748,36.861538,-122.268204667,49.0,24212.3698713,1.19882726686e-06
1374863756,36.861538,-122.268204667,49.0,23897.0677073,1.19882726686e-06
1374863768,36.861538,-122.262538,50.0,23591.6137707,2.0577771544e-06
1374863780,36.861538,-122.262538,52.0,23299.1049312,1.6504660351e-06
1374863790,36.861538,-122.256871333,53.0,23022.1677672,2.83830445571e-06
1374863790,36.861538,-122.256871333,54.0,22762.9018886,2.54578689534e-06
1374863799,36.861538,-122.251204667,54.0,22522.8513603,4.85786286708e-06
1374863811,36.861538,-122.251204667,55.0,22522.8513647,4.3714766798e-06
1374863820,36.861538,-122.245538,56.0,22199.0780388,7.46971723508e-06
1374863831,36.861538,-122.245538,57.0,21790.9700003,6.73629198642e-06
1374863841,36.861538,-122.239871333,58.0,20779.5842299,1.14902199012e-05
1374863852,36.861538,-122.239871333,59.0,20232.1187064,1.0384671745e-05
1374863855,36.861538,-122.234204667,60.0,19702.8428789,1.76795329051e-05
1374863867,36.861538,-122.228538,61.0,19702.8429192,2.99377493834e-05
1374863877,36.861538,-122.228538,62.0,19223.3188233,2.72070690264e-05
1374863886,36.861538,-122.222871333,63.0,18815.9525585,4.59688987733e-05
1374863893,36.861538,-122.222871333,63.0,18384.1992396,4.59688987733e-05
1374863902,36.861538,-122.217204667,64.0,17952.2270435,7.7228126494e-05
1374863911,36.861538,-122.211538,65.0,17543.8819483,0.000128987052673
1374863918,36.861538,-122.205871333,66.0,17178.8554494,0.000214143307561
1374863931,36.861538,-122.200204667,67.0,16784.7710013,0.000353327588916
1374863942,36.861538,-122.194538,68.0,16364.2831934,0.000579282609627
1374863957,36.861538,-122.188871333,70.0,15920.7928592,0.000876413967306
1374863967,36.8565546667,-122.194538,71.0,15458.3593567,0.000454156582142
1374863972,36.861538,-122.183204667,72.0,14495.4803927,0.0013301015975
1374863978,36.861538,-122.177538,72.0,14495.4827697,0.0023770296066
1374863987,36.861538,-122.171871333,73.0,14005.2795406,0.00608327913829
1374863997,36.861538,-122.166204667,74.0,13516.3242899,0.0516086715045
1374864008,36.861538,-122.160538,75.0,13034.303922,0.587661429134
1374864018,36.861538,-122.154871333,76.0,12598.5378709,4.91721192133
1374864033,36.861538,-122.149204667,77.0,12244.6311745,28.0781759674
1374864047,36.861538,-122.143538,79.0,12075.3901627,145.292220059
1374864061,36.861538,-122.137871333,80.0,11994.48511,348.626927438
1374864075,36.861538,-122.137871333,81.0,12053.2417934,407.383610851
1374864088,36.8665213333,-122.137871333,82.0,12377.5546831,600.755882143
1374864091,36.861538,-122.132204667,84.0,12702.397241,635.298279098
1374864111,36.8665213333,-122.132204667,85.0,13980.3664061,823.789628099
1374864123,36.861538,-122.126538,86.0,13478.4764511,494.154506238
1374864137,36.861538,-122.126538,87.0,14050.272366,432.30850455
1374864152,36.861538,-122.120871333,88.0,14125.6530949,222.266298693
1374864164,36.861538,-122.120871333,89.0,14283.4085215,174.380230601
1374864175,36.861538,-122.120871333,91.0,13707.3352823,100.718575036
1374864187,36.861538,-122.115204667,92.0,13857.913362,29.0303560524
1374864199,36.861538,-122.115204667,93.0,13750.703502,19.7931697858
1374864210,36.861538,-122.115204667,94.0,13561.312637,13.2567194481
1374864216,36.861538,-122.109538,96.0,12706.9576229,1.66444845505
1374864221,36.861538,-122.109538,95.0,13287.4236914,2.58891138409
1374864241,36.861538,-122.109538,97.0,12418.4241078,1.08453083231
1374864252,36.861538,-122.103871333,98.0,12123.7311106,0.45466650707
1374864263,36.861538,-122.103871333,99.0,11831.0715735,0.398686600264
1374864273,36.861538,-122.103871333,100.0,11546.771055,0.362112318555
1374864278,36.861538,-122.098204667,102.0,11014.4759073,0.482667390181
1374864284,36.861538,-122.103871333,101.0,11274.7277403,0.336701360383
1374864304,36.861538,-122.098204667,103.0,10686.7859529,0.465725599663
1374864313,36.861538,-122.092538,104.0,10300.0527707,0.690578251089
1374864322,36.861538,-122.098204667,105.0,9867.51834082,0.433507222755
1374864330,36.861538,-122.098204667,106.0,9412.30798795,0.418034710654
1374864334,36.861538,-122.086871333,108.0,8537.92618367,0.927045748218
1374864339,36.861538,-122.092538,107.0,8960.92982684,0.626215106167
1374864357,36.861538,-122.092538,109.0,8162.17979195,0.585268058827
1374864368,36.861538,-122.081204667,110.0,7775.35229917,1.31892947353
1374864379,36.861538,-122.086871333,111.0,7389.34542331,0.844896852798
1374864389,36.861538,-122.086871333,112.0,7025.35062759,0.81839684983
1374864396,36.861538,-122.075538,114.0,6264.48730561,1.7704586599
1374864402,36.861538,-122.075538,113.0,6623.65756103,1.8165457865
1374864420,36.861538,-122.081204667,115.0,5957.9056876,1.14234003903
1374864430,36.861538,-122.069871333,116.0,5676.22057476,2.49454316531
1374864438,36.861538,-122.069871333,117.0,5443.54232921,2.4366201379
1374864447,36.861538,-122.069871333,118.0,5443.48483509,2.37912602498
1374864454,36.861538,-122.064204667,120.0,5110.44724618,3.34177953648
1374864459,36.861538,-122.075538,119.0,5282.06078141,1.54725683306
1374864473,36.861538,-122.064204667,121.0,4799.153802,3.27028513385
1374864483,36.861538,-122.058538,122.0,4693.50804086,4.65207177692
1374864493,36.861538,-122.069871333,122.0,4691.00974862,2.15377952965
1374864503,36.861538,-122.069871333,123.0,4616.56970762,2.09868469897
1374864515,36.861538,-122.064204667,126.0,4534.57001768,2.9185326615
1374864520,36.861538,-122.052871333,125.0,4576.94067193,6.30957042208
1374864540,36.861538,-122.064204667,127.0,4530.55670937,2.84948377992
1374864550,36.861538,-122.058538,128.0,4538.75040194,4.12897562421
1374864560,36.861538,-122.047204667,129.0,4542.2310359,8.38811682735
1374864570,36.861538,-122.047204667,130.0,4542.10807823,8.26515915719
1374864576,36.861538,-122.052871333,132.0,4554.47871544,5.57354952486
1374864582,36.861538,-122.058538,131.0,4544.40171091,3.87084684644
1374864599,36.861538,-122.041538,133.0,4568.29612023,11.1286000524
1374864610,36.861538,-122.047204667,134.0,4570.50852251,7.76795623426
1374864620,36.861538,-122.052871333,135.0,4571.8693939,5.25798078414
1374864631,36.861538,-122.052871333,136.0,4582.89295982,5.15302662544
1374864637,36.861538,-122.041538,138.0,4601.17937094,10.4135135423
1374864642,36.861538,-122.035871333,137.0,4600.22989506,14.7220182846
1374864661,36.861538,-122.047204667,139.0,4603.05592765,7.13704363722
1374864671,36.861538,-122.035871333,140.0,4620.58071818,14.2483206284
1374864680,36.861538,-122.030204667,141.0,4640.45576499,19.4013491566
1374864691,36.861538,-122.030204667,142.0,4640.29082335,19.2364075184
1374864696,36.861538,-122.030204667,144.0,4680.73916273,18.8980334752
1374864703,36.861538,-122.041538,143.0,4652.11302281,9.67324271216
1374864721,36.861538,-122.024538,145.0,4706.52012429,25.4425875205
1374864731,36.861538,-122.024538,146.0,4725.25598194,25.2804117996
1374864741,36.861538,-122.035871333,147.0,4722.72846752,13.0796547825
1374864751,36.861538,-122.035871333,148.0,4722.55474148,12.9059287452
1374864756,36.861538,-122.018871333,150.0,4806.47126263,33.0197961401
1374864762,36.861538,-122.018871333,149.0,4793.53173587,33.1599240434
1374864782,36.861538,-122.030204667,151.0,4803.98312701,17.6257318959
1374864791,36.861538,-122.013204667,152.0,4862.35141539,42.9742242588
1374864802,36.861538,-122.013204667,153.0,4895.42825907,42.8911440142
1374864812,36.861538,-122.013204667,154.0,4895.33945276,42.8023378175
1374864816,36.861538,-122.007538,156.0,4968.09517746,54.9581065876
1374864824,36.861538,-122.024538,155.0,4936.78057281,23.6435018297
1374864843,36.861538,-122.007538,157.0,5010.9963884,54.9681736218
1374864853,36.861538,-122.001871333,158.0,5122.96814531,69.1794862284
1374864864,36.861538,-122.018871333,159.0,5108.96022484,31.5280640297
1374864873,36.861538,-122.018871333,160.0,5108.76784369,31.3356829695
1374864878,36.861538,-121.996204667,162.0,5287.58713229,86.0073118801
1374864885,36.861538,-122.001871333,161.0,5202.06731209,69.6669778344
1374864905,36.861538,-122.013204667,163.0,5306.17065464,41.727087302
1374864914,36.861538,-121.990538,164.0,5454.4252243,103.974345143
1374864923,36.861538,-121.996204667,165.0,5507.24936127,87.1315043399
1374864932,36.861538,-121.996204667,166.0,5507.61865861,87.5008017387
1374864936,36.861538,-121.984871333,168.0,5690.37848044,124.559191211
1374864942,36.861538,-122.007538,167.0,5516.55672234,54.7117782151
1374864962,36.861538,-121.990538,169.0,5760.2200764,107.269282865
1374864973,36.861538,-121.979204667,170.0,6063.1114135,143.388848834
1374864984,36.861538,-122.001871333,171.0,5990.64228,70.9197153524
1374864992,36.861538,-122.001871333,172.0,5990.73030839,71.0077437685
1374864997,36.861538,-121.973538,174.0,6334.09257605,163.711879766
1374865003,36.861538,-121.984871333,173.0,6156.61502351,129.623176042
1374865024,36.861538,-121.996204667,175.0,6402.96731794,90.6591625617
1374865033,36.861538,-121.967871333,176.0,6653.64072971,177.620694609
1374865042,36.861538,-121.979204667,177.0,6758.8792734,153.236062339
1374865052,36.861538,-121.979204667,178.0,6760.35933379,154.716122858
1374865056,36.861538,-121.962204667,180.0,7064.5652502,190.642182716
1374865062,36.861538,-121.990538,179.0,6987.89006879,113.967000919
1374865078,36.861538,-121.973538,181.0,7203.70226268,176.543133227
1374865088,36.861538,-121.956538,182.0,7565.03161687,192.514182179
1374865098,36.861538,-121.984871333,183.0,7626.90566539,140.421230103
1374865107,36.861538,-121.984871333,184.0,7804.57698937,141.549420857
1374865114,36.861538,-121.950871333,186.0,8186.90349256,190.94051233
1374865120,36.861538,-121.967871333,185.0,8052.88891044,197.347160311
1374865138,36.861538,-121.979204667,187.0,8306.43987395,168.927473096
1374865149,36.861538,-121.945204667,188.0,8702.53243194,176.732358661
1374865158,36.861538,-121.962204667,189.0,8738.74739498,212.947322039
1374865169,36.861538,-121.962204667,190.0,8910.39213487,215.66458883
1374865174,36.861538,-121.939538,192.0,9242.93256334,158.525337678
1374865180,36.861538,-121.973538,191.0,9068.98895909,197.529054959
1374865197,36.861538,-121.956538,193.0,9520.55887843,220.48706439
1374865208,36.861538,-121.933871333,194.0,9788.10532457,131.979118586
1374865218,36.861538,-121.967871333,195.0,9879.45507613,223.328871345
1374865227,36.861538,-121.967871333,196.0,10102.815531,226.20226306
1374865234,36.861538,-121.928204667,198.0,10336.107804,104.186549759
1374865238,36.861538,-121.950871333,197.0,10226.1343702,217.541985691
1374865257,36.861538,-121.962204667,199.0,10700.768256,242.644744157
1374865265,36.861538,-121.922538,200.0,10856.07336,76.2213175842
1374865272,36.861538,-121.945204667,201.0,10982.724129,202.872086486
1374865278,36.861538,-121.945204667,201.0,11225.3688687,202.872086486
1374865282,36.861538,-121.916871333,202.0,11150.7434767,52.0253843209
1374865331,36.861538,-121.922538,207.0,11630.9860402,74.4984939715
1374865346,36.861538,-121.928204667,209.0,11736.7429583,105.757010076
1374865354,36.861538,-121.933871333,210.0,11880.5955639,143.852682779
1374865371,36.861538,-121.939538,211.0,12066.8546776,186.259456844
1374865383,36.861538,-121.939538,212.0,12068.4024239,187.807203134
1374865394,36.861538,-121.945204667,213.0,12298.4773936,231.623069367
1374865404,36.861538,-121.945204667,214.0,12488.903362,234.242413903
1374865415,36.861538,-121.950871333,215.0,12760.3823198,274.099178696
1374865417,36.861538,-121.950871333,216.0,12998.3603085,277.835207676
1374865432,36.861538,-121.956538,217.0,13579.6131751,307.157395031
1374865441,36.861538,-121.956538,218.0,13584.2634251,311.813728331
1374865452,36.861538,-121.962204667,219.0,13903.7460765,324.190593401
1374865461,36.861538,-121.962204667,220.0,14220.0839455,329.302395503
1374865472,36.861538,-121.967871333,221.0,14530.428506,320.373574478
1374865476,36.861538,-121.967871333,222.0,14864.6366196,325.279292619
1374865489,36.861538,-121.973538,223.0,15451.4469343,294.514916144
1374865499,36.861538,-121.973538,224.0,15310.1702995,298.530501393
1374865510,36.861538,-121.979204667,225.0,15854.7476787,250.062463025
1374865520,36.861538,-121.979204667,226.0,15508.7611785,252.702890306
1374865530,36.861538,-121.984871333,227.0,15293.3017132,194.564572835
1374865535,36.861538,-121.984871333,228.0,14946.3954813,195.71133277
1374865547,36.861538,-121.990538,229.0,14643.1887983,137.52702321
1374865557,36.861538,-121.990538,230.0,14780.6374563,137.448658095
1374865567,36.861538,-121.996204667,231.0,14044.319515,87.4716867163
1374865577,36.861538,-122.001871333,232.0,13600.6597599,50.4947512028
1374865588,36.861538,-122.001871333,233.0,13217.8864452,49.5351898286
1374865592,36.861538,-122.007538,234.0,13243.3865278,25.5000825648
1374865599,36.861538,-122.001871333,234.0,13069.6739938,48.5537647369
1374865609,36.861538,-121.996204667,235.0,12979.354235,84.060471743
1374865620,36.861538,-121.990538,236.0,13115.3720817,136.017846781
1374865630,36.861538,-121.984871333,237.0,13219.5364707,204.882964032
1374865640,36.861538,-121.979204667,238.0,13476.5906918,286.084577126
1374865650,36.861538,-121.973538,239.0,13825.461191,368.663668929
1374865657,36.861538,-121.967871333,240.0,14248.5911545,436.386682988
1374865669,36.861538,-121.962204667,241.0,14716.4639748,472.126180197
1374865680,36.861538,-121.956538,242.0,15180.8776351,464.41366022
1374865690,36.861538,-121.950871333,243.0,15592.8345201,413.041415825
1374865701,36.861538,-121.945204667,244.0,15922.5692775,330.189423945
1374865711,36.861538,-121.939538,245.0,16157.9475412,235.776950345
1374865718,36.861538,-121.933871333,246.0,16306.9798018,149.394372851
1374865728,36.861538,-121.928204667,247.0,16389.5699252,83.4094921812
1374865739,36.861538,-121.922538,248.0,16430.2999436,40.7300183602
1374865749,36.861538,-121.916871333,249.0,16447.092777,17.2585590284
1374865759,36.861538,-121.911204667,250.0,16452.6950577,6.29285897239
1374865769,36.861538,-121.905538,251.0,16454.2185152,1.95696474221
1374865777,36.861538,-121.899871333,252.0,16453.3876052,0.514170373589
1374865789,36.861538,-121.894204667,253.0,16452.8743853,0.112995245988
1374865799,36.861538,-121.888538,254.0,16452.894935,0.020549750415
1374865809,36.861538,-121.882871333,255.0,16452.3127248,0.00305783929402
1374865819,36.861538,-121.877204667,256.0,16450.9941632,0.000367820342875
1374865829,36.861538,-121.871538,257.0,16450.1493016,3.53086057197e-05
1374865837,36.861538,-121.865871333,258.0,16449.3309074,2.66805102225e-06
1374865848,36.861538,-121.860204667,259.0,16445.7439032,1.56396954308e-07
1374865858,36.861538,-121.854538,260.0,16445.7439032,7.00183740832e-09
1374865869,36.861538,-121.848871333,261.0,16444.6015631,2.35461049841e-10
1374865879,36.861538,-121.848871333,262.1,16442.10702,1.21861335073e-10
1374865889,36.861538,-121.854538,263.0,16439.6703998,1.18529568636e-09
1374865898,36.861538,-121.860204667,264.0,16433.9494943,1.10968114533e-08
1374865909,36.861538,-121.865871333,265.0,16432.4022375,9.95115300811e-08
1374865919,36.861538,-121.871538,266.0,16429.1319533,8.50287667532e-07
1374865929,36.861538,-121.877204667,267.0,16424.4798884,6.88325473951e-06
1374865939,36.861538,-121.882871333,268.0,16422.3261613,5.24641369754e-05
1374865951,36.861538,-121.888538,269.0,16420.2278506,0.000373976990469
1374865958,36.861538,-121.894204667,270.0,16417.3117928,0.00247491450176
1374865968,36.861538,-121.899871333,271.0,16411.0173076,0.0150851866683
1374865979,36.861538,-121.905538,272.0,16411.1012643,0.0839567301272
1374865990,36.861538,-121.911204667,273.0,16408.6744318,0.422651269053
1374866000,36.861538,-121.916871333,274.0,16406.4503677,1.90491155995
1374866010,36.861538,-121.922538,275.0,16405.6633982,7.6011472896
1374866018,36.861538,-121.928204667,276.0,16423.9261809,26.5279418893
1374866029,36.861538,-121.933871333,277.0,16494.3871488,79.9053642593
1374866040,36.861538,-121.928204667,278.0,16516.9869932,22.5998444219
1374866050,36.861538,-121.933871333,279.0,16578.2777755,72.4193823097
1374866059,36.861538,-121.939538,280.0,16766.3434447,195.833625441
1374866070,36.861538,-121.945204667,281.0,17200.3588616,439.273397721
1374866079,36.861538,-121.950871333,282.0,17997.2744631,802.068628063
1374866091,36.861538,-121.956538,283.0,19139.851217,1167.71228569
1374866106,36.861538,-121.962204667,285.0,20507.3995142,1367.54829728
1374866120,36.861538,-121.967871333,286.0,21673.6207107,1173.35824013
1374866133,36.861538,-121.967871333,287.0,21690.6419849,1204.62783497
1374866138,36.861538,-121.973538,288.0,22384.0554881,744.084447148
1374866148,36.861538,-121.967871333,0.0,24864.9499109,1314.40102882
1374866162,36.861538,-121.962204667,1.0,26440.4192026,1585.14253439
1374866175,36.861538,-121.962204667,2.0,26365.6164376,1510.33976942
1374866190,36.861538,-121.956538,4.0,27122.0653782,732.369174988
1374866203,36.861538,-121.956538,5.0,28459.9882706,573.031952723
1374866204,36.861538,-121.950871333,6.0,28786.8910665,180.471502424
1374866219,36.861538,-121.950871333,7.0,29426.9826209,133.239321824
1374866226,36.861538,-121.945204667,7.0,29358.3293558,64.5860567026
1374866233,36.861538,-121.945204667,8.0,29483.1250679,56.1424470151
1374866244,36.861538,-121.939538,9.0,29518.2663183,44.3233725453
1374866254,36.861538,-121.939538,10.0,29531.2143029,44.1031344087
1374866265,36.861538,-121.933871333,11.0,29530.6788809,42.135483869
1374866268,36.861538,-121.933871333,12.0,29477.234338,42.3482509634
1374866281,36.861538,-121.928204667,13.0,29536.1502913,40.4239713153
1374866291,36.861538,-121.928204667,14.0,29536.3528818,40.6265618234
1374866302,36.861538,-121.922538,15.0,29519.5583459,38.3762282245
1374866312,36.861538,-121.922538,16.0,29491.1840753,38.5548819658
1374866322,36.861538,-121.916871333,17.0,29495.4990921,36.0217345669
1374866327,36.861538,-121.916871333,18.0,29416.863071,36.1738264365
1374866339,36.861538,-121.911204667,19.0,29416.6349292,33.4171013928
1374866350,36.861538,-121.911204667,20.0,29450.176052,33.5411228737
1374866360,36.861538,-121.905538,21.0,29405.5340341,30.6261921957
1374866371,36.861538,-121.905538,22.0,29335.1963256,30.7217060475
1374866381,36.861538,-121.911204667,23.0,29281.884537,33.9152295061
1374866385,36.861538,-121.911204667,24.0,29100.6716159,34.0405953247
1374866394,36.861538,-121.916871333,25.0,29117.1329765,37.2579093669
1374866403,36.861538,-121.922538,25.0,29157.3435386,40.2105620394
1374866411,36.861538,-121.928204667,26.0,29093.2442423,43.1699866207
1374866419,36.861538,-121.933871333,27.0,28995.7573478,45.901954334
1374866428,36.861538,-121.928204667,28.0,29039.3719536,43.6146057537
1374866438,36.861538,-121.922538,29.0,28938.4191353,40.9746408795
1374866447,36.861538,-121.916871333,30.0,28683.1370785,38.0529990006
1374866458,36.861538,-121.911204667,31.0,28718.063936,34.9268574238
1374866469,36.861538,-121.916871333,32.0,28665.7806099,38.3758365244
1374866479,36.861538,-121.922538,33.0,28529.9164343,41.756519024
1374866489,36.861538,-121.928204667,34.0,28421.6661308,44.9857588046
1374866499,36.861538,-121.933871333,35.0,28314.9260879,47.976079928
1374866508,36.861538,-121.939538,36.0,28060.9560491,50.6391448426
1374866519,36.861538,-121.945204667,37.0,28113.8457498,52.8897006912
1374866529,36.861538,-121.950871333,38.0,27991.9524079,54.6497913448
1374866540,36.861538,-121.956538,39.0,27855.2911985,55.8529728012
1374866550,36.861538,-121.950871333,40.0,27770.2200358,55.3500674307
1374866560,36.861538,-121.945204667,41.0,27491.9462432,54.2161405463
1374866568,36.861538,-121.939538,42.0,27347.0771878,52.4781048861
1374866579,36.861538,-121.945204667,43.0,27401.9749881,54.8978003327
1374866590,36.861538,-121.950871333,44.0,27289.8388192,56.7913042169
1374866603,36.861538,-121.956538,46.0,27171.5759562,58.4694956129
1374866613,36.861538,-121.962204667,46.0,27017.3495407,58.7209065328
1374866620,36.861538,-121.967871333,48.0,26702.2141015,59.0544872943
1374866628,36.861538,-121.973538,48.0,26562.5885196,57.9034730987
1374866639,36.861538,-121.979204667,49.0,26619.0399581,56.4514384738
1374866649,36.861538,-121.984871333,50.0,26452.9002413,54.3473476334
1374866659,36.861538,-121.979204667,51.0,26378.0917857,57.1706629382
1374866669,36.861538,-121.973538,52.0,26214.2027021,59.4397877968
1374866680,36.861538,-121.967871333,53.0,26049.0643777,61.0639386667
1374866687,36.861538,-121.962204667,54.0,25789.3067897,61.9709474449
1374866699,36.861538,-121.967871333,55.0,25851.2032374,61.896447697
1374866710,36.861538,-121.962204667,56.0,25671.3841023,62.8256090106
1374866719,36.861538,-121.956538,57.0,25455.2585358,62.9678376259
1374866728,36.861538,-121.950871333,58.0,25262.6623946,62.3013296061
1374866738,36.861538,-121.945204667,59.0,25323.4976438,60.8352492124
1374866747,36.861538,-121.950871333,60.0,25386.6505972,63.1529533374
1374866758,36.861538,-121.945204667,61.0,25448.29372,61.6431228062
1374866768,36.861538,-121.950871333,62.0,25512.3157294,64.0220094234
1374866778,36.861538,-121.956538,63.0,25503.4604597,65.6432242788
1374866788,36.861538,-121.962204667,64.0,25569.88776,66.4273002633
1374866798,36.861538,-121.962204667,65.0,25531.029931,66.8991810664
1374866807,36.861538,-121.967871333,66.0,25453.9709303,66.7936820749
1374866818,36.861538,-121.973538,67.0,25333.4857106,65.774237213
1374866829,36.861538,-121.979204667,68.0,25209.5420506,63.8635431271
1374866838,36.861538,-121.984871333,69.0,25039.0406303,61.1216490363
1374866848,36.861538,-121.990538,70.0,24862.4413035,57.6430870855
1374866858,36.861538,-121.996204667,71.0,24915.9928278,53.5515243701
1374866865,36.861538,-122.001871333,72.0,24413.0507839,48.9923424047
1374866878,36.861538,-122.007538,73.0,24150.0171557,44.1237668485
1374866888,36.861538,-122.013204667,74.0,23877.3107488,39.107321386
1374866898,36.861538,-122.018871333,75.0,23587.2185984,34.0984430805
1374866908,36.861538,-122.024538,76.0,23287.1542656,29.2380626591
1374866918,36.861538,-122.030204667,77.0,22991.4265176,24.6458265164
1374866926,36.861538,-122.035871333,78.0,22686.5626609,20.4154359363
1374866938,36.861538,-122.041538,79.0,22408.6600773,16.6123324727
1374866948,36.861538,-122.047204667,80.0,22123.4032796,13.2737037035
1374866958,36.861538,-122.052871333,81.0,21883.7513818,10.4105652726
1374866968,36.861538,-122.058538,82.0,21639.06005,8.01155847614
1374866978,36.861538,-122.064204667,83.0,21450.5436981,6.04822090204
1374866987,36.861538,-122.069871333,84.0,21259.3145169,4.48215163773
1374866998,36.861538,-122.075538,85.0,21125.063843,3.2763492836
1374867008,36.861538,-122.081204667,86.0,20990.0322382,2.41705323851
1374867017,36.861538,-122.086871333,87.0,20904.5199111,1.95935963135
1374867027,36.861538,-122.086871333,88.0,20855.7903684,1.76520857417
1374867038,36.861538,-122.092538,89.0,20782.4132068,1.6581107609
1374867045,36.861538,-122.092538,90.0,20735.2337121,1.37427008175
1374867057,36.861538,-122.098204667,91.0,20652.8225233,1.6492829124
1374867068,36.861538,-122.103871333,92.0,20519.758105,2.95342844479
1374867078,36.861538,-122.109538,93.0,20321.1402765,6.26513552089
1374867088,36.861538,-122.115204667,94.0,20048.3124188,13.2567194464
1374867098,36.861538,-122.120871333,95.0,19706.0100253,26.3612754425
1374867106,36.861538,-122.126538,96.0,19318.1129273,48.4895849581
1374867118,36.861538,-122.132204667,97.0,18928.2026931,82.2159460336
1374867128,36.861538,-122.137871333,98.0,18592.2553898,128.466356929
1374867138,36.861538,-122.137871333,99.0,18277.4910075,98.2770335354
1374867148,36.861538,-122.143538,100.0,18094.4883184,147.186734771
1374867159,36.861538,-122.149204667,101.0,18062.1539856,203.442617601
1374867167,36.861538,-122.154871333,102.0,18172.5240592,259.764446446
1374867179,36.861538,-122.160538,103.0,18395.8018265,306.687259461
1374867187,36.861538,-122.166204667,104.0,18690.1913407,335.119532568
1374867197,36.861538,-122.171871333,105.0,19012.1629323,339.230150674
1374867207,36.861538,-122.177538,106.0,19324.2712385,318.401165168
1374867217,36.861538,-122.183204667,107.0,19599.6635416,277.349267759
1374867224,36.861538,-122.188871333,108.0,19823.553128,224.403756825
1374867237,36.861538,-122.194538,109.0,19992.233146,168.793013258
1374867248,36.861538,-122.200204667,110.0,20110.343262,118.13066574
1374867258,36.861538,-122.205871333,111.0,20187.3258011,76.9855969006
1374867268,36.861538,-122.211538,112.0,20234.0819431,46.7565098071
1374867278,36.861538,-122.217204667,113.0,20260.5669118,26.4850040349
1374867287,36.861538,-122.222871333,114.0,20274.5697292,14.002820067
1374867298,36.861538,-122.228538,115.0,20281.4850656,6.91533660499
1374867308,36.861538,-122.234204667,116.0,20284.6774204,3.19235474411
1374867318,36.861538,-122.239871333,117.0,20286.0559609,1.37854056249
1374867328,36.861538,-122.245538,118.0,20286.6132008,0.557239829714
1374867338,36.861538,-122.251204667,119.0,20286.8241975,0.210996723526
1374867346,36.861538,-122.256871333,120.0,20286.8990851,0.0748876578659
1374867357,36.861538,-122.262538,121.0,20286.9240154,0.0249303938162
1374867368,36.861538,-122.268204667,122.0,20286.9318041,0.00778949363688
1374867378,36.861538,-122.273871333,123.0,20286.9340829,0.00228570891117
1374867388,36.861538,-122.279538,124.0,20286.9346607,0.000630272412667
1374867398,36.861538,-122.285204667,125.0,20286.9344501,0.000163413975937
1374867406,36.861538,-122.290871333,126.0,20286.9320151,3.98616540909e-05
1374867418,36.861538,-122.296538,127.0,20286.916939,9.15318644207e-06
1374867427,36.861538,-122.302204667,128.0,20286.8329843,1.97961105818e-06
1374867437,36.861538,-122.307871333,129.0,20286.4103334,4.03471160897e-07
1374867447,36.861538,-122.307871333,130.0,20284.5054228,8.85775494651e-07
1374867457,36.861538,-122.313538,131.0,20276.9042756,1.75839091267e-07
1374867465,36.861538,-122.319204667,132.0,20250.3763338,3.29242861886e-08
1374867477,36.861538,-122.324871333,133.0,20170.4709695,5.81785678135e-09
1374867488,36.861538,-122.330538,134.0,20147.8711251,9.70706691174e-10
1374867498,36.861538,-122.336204667,135.0,20075.4517428,1.53010109366e-10
1374867508,36.861538,-122.341871333,136.0,19879.6181174,2.27973477802e-11
1374867518,36.861538,-122.347538,137.0,19440.3447196,3.21219509259e-12
1374867525,36.861538,-122.347538,138.0,18638.2760916,8.54429280983e-12
1374867537,36.861538,-122.353204667,139.0,17470.5638059,1.17459506615e-12
1374867548,36.861538,-122.353204667,140.0,17470.5638059,3.12506890805e-12
1374867558,36.861538,-122.358871333,141.0,16103.0155086,4.19071846185e-13
1374867568,36.861538,-122.364538,142.0,14929.6572685,5.32016622054e-14
1374867578,36.861538,-122.370204667,143.0,13725.0294335,6.39700929104e-15
1374867586,36.861538,-122.375871333,144.0,12980.9449864,7.28866136217e-16
1374867598,36.861538,-122.381538,145.0,11666.5439575,7.87296461173e-17
1374867608,36.861538,-122.387204667,146.0,10081.4014232,8.06577541782e-18
1374867618,36.861538,-122.392871333,147.0,10081.4014232,7.84089646277e-19
1374867628,36.861538,-122.398538,148.0,8571.06165373,7.23583264553e-20
1374867638,36.861538,-122.404204667,149.0,7838.69247874,6.3416601832e-21
1374867647,36.861538,-122.409871333,150.0,7085.1890236,5.28073797891e-22
1374867658,36.861538,-122.415538,151.0,7085.1890236,4.1797100187e-23
1374867668,36.861538,-122.421204667,152.0,6951.94970177,3.14584589687e-24
1374867677,36.861538,-122.426871333,153.0,6831.22119805,2.25240055112e-25
1374867688,36.861538,-122.432538,154.0,6831.22119805,1.53477645437e-26
1374867698,36.861538,-122.438204667,155.0,6786.89782551,9.95652400566e-28
1374867705,36.861538,-122.443871333,156.0,6742.7946911,6.15180664713e-29
1374867718,36.861538,-122.449538,157.0,6658.31095627,3.62156748784e-30
1374867728,36.861538,-122.455204667,158.0,6617.88698495,2.03214001866e-31
1374867738,36.861538,-122.460871333,159.0,6577.26042313,1.08726532286e-32
1374867748,36.861538,-122.466538,160.0,6538.8841949,5.54883272139e-34
1374867758,36.861538,-122.472204667,161.0,6500.32931294,2.70214648483e-35
1374867767,36.861538,-122.477871333,162.0,6464.30757837,1.25606458862e-36
1374867778,36.861538,-122.483538,163.0,6428.13375194,5.57523638023e-38
1374867788,36.861538,-122.489204667,164.0,6394.71665054,2.36381242972e-39
1374867798,36.861538,-122.494871333,165.0,6361.17552767,9.57655167506e-41
1374867808,36.861538,-122.500538,166.0,6330.54933547,3.70849405536e-42
1374867818,36.861538,-122.506204667,167.0,6299.82762943,1.37316293965e-43
1374867826,36.861538,-122.511871333,168.0,6265.91239992,4.86322461756e-45
1374867838,36.861538,-122.517538,169.0,6231.87180459,1.64795005551e-46
1374867848,36.861538,-122.523204667,170.0,6154.40333319,5.34464585581e-48
1374867858,36.861538,-122.528871333,171.0,6111.23334657,1.65952866334e-49
1374867868,36.861538,-122.534538,172.0,6065.33139223,4.93486611355e-51
1374867878,36.861538,-122.540204667,173.0,6021.71678648,1.40579748632e-52
1374867886,36.861538,-122.545871333,174.0,5980.7421456,3.83757664098e-54
1374867898,36.861538,-122.551538,175.0,5942.6891466,1.00416852735e-55
1374867908,36.861538,-122.557204667,176.0,5907.76228918,2.51940479774e-57
1374867918,36.861538,-122.557204667,177.1,5869.38645265,1.6797084559e-56
1374867928,36.861538,-122.557204667,178.1,5827.62993363,1.08006744225e-55
1374867938,36.861538,-122.557204667,179.0,5782.64417482,6.70107516473e-55
1374867946,36.861538,-122.557204667,180.0,5734.66809489,4.01336312896e-54
1374867958,36.861538,-122.557204667,181.0,5684.02895005,2.32131765619e-53
1374867968,36.861538,-122.557204667,182.0,5631.13924936,1.29721739865e-52
1374867978,36.861538,-122.557204667,183.0,5576.48945802,7.00698354929e-52
1374867988,36.861538,-122.557204667,184.0,5520.63648522,3.65995562547e-51
1374867998,36.861538,-122.557204667,185.0,5465.28641778,1.84940224698e-50
1374868006,36.861538,-122.557204667,186.0,5411.07027724,9.04441450255e-50
1374868018,36.861538,-122.557204667,187.0,5358.59217235,4.28257115383e-49
1374868028,36.861538,-122.557204667,188.0,5303.69437202,1.96428908297e-48
1374868037,36.861538,-122.557204667,189.0,5246.9030678,8.7319080201e-48
1374868047,36.861538,-122.557204667,190.0,5188.43357219,3.76391697033e-47
1374868057,36.861538,-122.557204667,191.0,5188.43357219,1.57404982509e-46
1374868065,36.861538,-122.557204667,192.0,5070.65817836,6.38941657238e-46
1374868077,36.861538,-122.557204667,193.0,5012.75470526,2.51872831741e-45
1374868088,36.861538,-122.557204667,194.0,4956.30326679,9.64691366608e-45
1374868098,36.861538,-122.557204667,195.0,4901.95591916,3.59160425361e-44
1374868108,36.861538,-122.557204667,196.0,4844.78525622,1.30042180021e-43
1374868118,36.861538,-122.557204667,197.0,4785.34546842,4.58115513466e-43
1374868125,36.861538,-122.557204667,198.0,4724.28152975,1.57092982981e-42
1374868138,36.861538,-122.557204667,199.0,4662.31058231,5.24592920803e-42
1374868148,36.861538,-122.557204667,200.0,4600.41413461,1.70671728045e-41
1374868158,36.861538,-122.557204667,201.0,4537.5885256,5.41203811224e-41
1374868168,36.861538,-122.557204667,202.0,4474.62068798,1.67341538075e-40
1374868178,36.861538,-122.557204667,203.0,4412.31935837,5.04743684282e-40
1374868186,36.861538,-122.557204667,204.0,4351.48410916,1.48573009599e-39
1374868198,36.861538,-122.557204667,205.0,4288.33115582,4.26958480097e-39
1374868207,36.861538,-122.557204667,206.0,4226.68803301,1.19834002264e-38
1374868217,36.861538,-122.557204667,207.0,4162.66602359,3.28618822387e-38
1374868227,36.861538,-122.557204667,208.0,4097.02279931,8.80824347491e-38
1374868237,36.861538,-122.557204667,209.0,4030.59549905,2.30852509495e-37
1374868245,36.861538,-122.557204667,210.0,3963.69631798,5.91819969284e-37
1374868257,36.861538,-122.557204667,211.0,3896.90263591,1.48461252813e-36
1374868268,36.861538,-122.557204667,212.0,3831.12839869,3.64553592892e-36
1374868277,36.861538,-122.557204667,213.0,3767.26485557,8.76573247213e-36
1374868287,36.861538,-122.557204667,214.0,3706.14320653,2.06464321191e-35
1374868297,36.861538,-122.557204667,215.0,3648.50011945,4.76519661977e-35
1374868305,36.861538,-122.557204667,216.0,3594.94859508,1.0780586029e-34
1374868317,36.861538,-122.557204667,217.0,3545.95625267,2.39152039765e-34
1374868328,36.861538,-122.557204667,218.0,3501.83248582,5.20377117341e-34
1374868338,36.861538,-122.557204667,219.0,3462.72516444,1.11100160167e-33
1374868348,36.861538,-122.557204667,220.0,3428.62672136,2.3280988994e-33
1374868358,36.861538,-122.557204667,221.0,3399.3886587,4.78976437285e-33
1374868366,36.861538,-122.557204667,222.0,3374.74283218,9.67801992908e-33
1374868377,36.861538,-122.557204667,223.0,3354.32739624,1.92110068211e-32
1374868389,36.861538,-122.557204667,224.0,3337.71506377,3.74743920895e-32
1374868399,36.861538,-122.557204667,225.0,3324.44136007,7.18567472745e-32
1374868409,36.861538,-122.557204667,226.0,3314.0307948,1.35479845459e-31
1374868419,36.861538,-122.557204667,227.0,3306.01923632,2.5123480166e-31
1374868427,36.861538,-122.557204667,228.0,3299.97101542,4.58357970308e-31
1374868439,36.861538,-122.557204667,229.0,3295.48886378,8.22942955144e-31
1374868448,36.861538,-122.557204667,230.0,3292.2125145,1.45443023565e-30
1374868457,36.861538,-122.557204667,231.0,3289.79546126,2.53099191353e-30
1374868467,36.861538,-122.557204667,232.0,3287.83610163,4.3378851859e-30
1374868477,36.861538,-122.557204667,233.0,3286.07089305,7.32432809369e-30
1374868485,36.861538,-122.557204667,234.0,3284.41278229,1.21862836986e-29
1374868497,36.861538,-122.557204667,235.0,3283.03851221,1.99847253278e-29
1374868508,36.861538,-122.557204667,236.0,3281.3892293,3.23114535933e-29
1374868518,36.861538,-122.557204667,237.0,3278.43580085,5.15172431998e-29
1374868528,36.861538,-122.557204667,238.0,3272.17066533,8.1019833153e-29
1374868538,36.861538,-122.557204667,239.0,3258.91394588,1.2571176511e-28
1374868547,36.861538,-122.557204667,240.0,3232.55267044,1.92489947202e-28
1374868559,36.861538,-122.557204667,241.0,3184.06308548,2.90929602474e-28
1374868570,36.861538,-122.557204667,242.0,3101.84713945,4.34124395681e-28
1374868579,36.861538,-122.557204667,243.0,2973.38078252,6.39711419035e-28
1374868589,36.861538,-122.557204667,244.0,2875.10374899,9.31093750165e-28
1374868599,36.861538,-122.557204667,245.0,2727.91701421,1.3388639599e-27
1374868607,36.861538,-122.557204667,246.0,2524.47439661,1.90241888091e-27
1374868619,36.861538,-122.557204667,247.0,2264.70995017,2.67173903508e-27
1374868628,36.861538,-122.557204667,248.0,1958.02269071,3.70928567028e-27
1374868638,36.861538,-122.557204667,249.0,1622.90315814,5.09194495247e-27
1374868648,36.861538,-122.557204667,250.0,1283.67300746,6.91292383953e-27
1374868658,36.861538,-122.557204667,251.0,965.271842297,9.28347698444e-27
1374868666,36.861538,-122.557204667,252.0,687.922574538,1.23343210286e-26
1374868678,36.861538,-122.557204667,253.0,463.518817713,1.6216574018e-26
1374868689,36.861538,-122.557204667,254.0,294.725804455,2.11020463094e-26
1374868699,36.861538,-122.557204667,255.0,176.595138715,2.71827075723e-26
1374868709,36.861538,-122.557204667,256.0,99.6095418139,3.46691644456e-26
1374868718,36.861538,-122.557204667,257.0,52.8530320068,4.37880073852e-26
1374868727,36.861538,-122.557204667,258.0,26.3680279719,5.47779225825e-26
1374868738,36.861538,-122.557204667,259.0,12.3652079049,6.78845171133e-26
1374868748,36.861538,-122.557204667,260.0,5.4498712999,8.33538694591e-26
1374868758,36.861538,-122.557204667,261.0,2.25751655579,1.01424891253e-25
1374868768,36.861538,-122.557204667,262.0,0.878975993302,1.22320665499e-25
1374868778,36.861538,-122.557204667,263.0,0.321736163588,1.46239006864e-25
1374868786,36.861538,-122.557204667,264.0,0.110739440061,1.73342564737e-25
1374868798,36.861538,-122.557204667,265.0,0.0358517821954,2.03748854498e-25
1374868808,36.861538,-122.557204667,266.0,0.0109213883792,2.37520650836e-25
1374868818,36.861538,-122.557204667,267.0,0.0031318947423,2.74657205864e-25
1374868827,36.861538,-122.557204667,268.0,0.000846185831135,3.15086755614e-25
1374868837,36.861538,-122.557204667,269.0,0.000215913418468,3.5866075786e-25
1374868845,36.861538,-122.557204667,270.0,5.24994425307e-05,4.0515025296e-25
1374868858,36.861538,-122.557204667,271.0,1.26377884398e-05,4.54244663078e-25
1374868869,36.861538,-122.557204667,272.0,3.48460199776e-06,5.05553250792e-25
1374868879,36.861538,-122.557204667,273.0,1.50499093957e-06,5.58609340631e-25
1374868889,36.861538,-122.557204667,274.0,1.10151977868e-06,6.12877288062e-25
1374868899,36.861538,-122.557204667,275.0,2.15744284025e-07,6.67762048932e-25
1374868906,36.861538,-122.557204667,276.0,3.99051927572e-08,7.22621081649e-25
1374868919,36.861538,-122.551538,277.0,6.98090656859e-09,3.9431931142e-24
1374868927,36.861538,-122.545871333,278.0,1.16304978724e-09,1.86471844072e-23
1374868937,36.861538,-122.540204667,279.0,1.92343096065e-10,7.65256558104e-23
1374868946,36.861538,-122.534538,280.0,3.93329866998e-11,2.72910995139e-22
1374868958,36.861538,-122.528871333,281.0,1.65356389205e-11,8.4691091808e-22
1374868965,36.861538,-122.523204667,282.0,1.33234438302e-11,2.28997511236e-21
1374868976,36.861538,-122.517538,283.0,4.77915102572e-12,5.40212842126e-21
1374868989,36.861538,-122.511871333,284.0,3.6045559707e-12,1.11325901221e-20
1374868999,36.861538,-122.506204667,285.0,4.79487082719e-13,2.00665247636e-20
1374869009,36.861538,-122.500538,286.0,6.04152682096e-14,3.16760995917e-20
1374869019,36.861538,-122.494871333,287.0,7.21364984771e-15,4.38435174539e-20
1374869026,36.861538,-122.489204667,288.0,8.16693830697e-16,5.32740253939e-20
1374869036,36.861538,-122.483538,0.0,1.68050563542e-15,1.59267794094e-15
1374869050,36.861538,-122.477871333,1.0,4.52888563066e-15,2.92710964135e-15
1374869058,36.861538,-122.472204667,2.0,9.893074521e-15,5.37225466576e-15
1374869067,36.861538,-122.466538,3.0,1.97382267764e-14,9.84593634503e-15
1374869078,36.861538,-122.460871333,4.0,3.77565470365e-14,1.80183926184e-14
1374869089,36.861538,-122.455204667,5.0,7.06802617552e-14,3.29237210604e-14
1374869097,36.861538,-122.449538,6.0,1.30743724002e-13,6.00634627749e-14
1374869109,36.861538,-122.443871333,7.0,2.40138005002e-13,1.09394281042e-13
1374869119,36.861538,-122.438204667,8.0,4.39038262525e-13,1.98900257526e-13
1374869128,36.861538,-122.432538,9.0,8.00036993438e-13,3.60998730913e-13
1374869138,36.861538,-122.426871333,10.0,1.4540376353e-12,6.54000641862e-13
1374869149,36.861538,-122.421204667,11.0,2.63660213722e-12,1.18256450192e-12
1374869156,36.861538,-122.415538,12.0,4.77071349055e-12,2.13411135333e-12
1374869168,36.861538,-122.409871333,13.0,8.6142030112e-12,3.84348952065e-12
1374869177,36.861538,-122.404204667,14.0,1.55217033728e-11,6.90750036164e-12
1374869188,36.861538,-122.398538,15.0,2.79088791712e-11,1.23871757984e-11
1374869199,36.861538,-122.392871333,16.0,5.0072912729e-11,2.21640335578e-11
1374869208,36.861538,-122.387204667,17.0,8.96385990139e-11,3.95656862849e-11
1374869217,36.861538,-122.381538,18.0,1.60099735273e-10,7.04611362596e-11
1374869229,36.861538,-122.375871333,19.0,2.85272131673e-10,1.25172396399e-10
1374869239,36.861538,-122.370204667,20.0,5.07072229436e-10,2.21800097763e-10
1374869249,36.861538,-122.364538,21.0,8.99061960516e-10,3.91989731081e-10
1374869257,36.861538,-122.358871333,22.0,1.58995729731e-09,6.90895336789e-10
1374869269,36.861538,-122.353204667,23.0,2.80429235183e-09,1.21433505453e-09
1374869277,36.861538,-122.347538,24.0,4.93251387337e-09,2.12822152154e-09
1374869288,36.861538,-122.341871333,25.0,8.65137287987e-09,3.7188590065e-09
1374869298,36.861538,-122.336204667,26.0,1.51299397577e-08,6.47856687779e-09
1374869309,36.861538,-122.330538,27.0,2.63807937732e-08,1.12508540155e-08
1374869319,36.861538,-122.324871333,28.0,4.58563324096e-08,1.94755386364e-08
1374869329,36.861538,-122.319204667,29.0,7.94571776919e-08,3.36008452823e-08
1374869337,36.861538,-122.313538,30.0,1.37230333992e-07,5.77731562998e-08
1374869349,36.861538,-122.307871333,31.0,2.362165455e-07,9.89862115088e-08
1374869358,36.861538,-122.302204667,32.0,4.05203304058e-07,1.68986758558e-07
1374869368,36.861538,-122.296538,33.0,6.92622480688e-07,2.87419176629e-07
1374869378,36.861538,-122.290871333,34.0,1.17961095823e-06,4.86988477542e-07
1374869388,36.861538,-122.285204667,35.0,2.00150405742e-06,8.21893099191e-07
1374869395,36.861538,-122.279538,36.0,3.38302835115e-06,1.38152429373e-06
1374869408,36.861538,-122.273871333,37.0,5.69562608836e-06,2.31259773722e-06
1374869419,36.861538,-122.268204667,38.0,9.55032844454e-06,3.85470235618e-06
1374869429,36.861538,-122.262538,39.0,1.5947390118e-05,6.39706167342e-06
1374869439,36.861538,-122.256871333,40.0,2.65159992937e-05,1.05686091757e-05
1374869449,36.861538,-122.251204667,41.0,4.38960214667e-05,1.7380022173e-05
1374869457,36.861538,-122.245538,42.0,7.23422340866e-05,2.84462126198e-05
1374869469,36.861538,-122.239871333,43.0,0.000118674710504,4.63324764171e-05
1374869478,36.861538,-122.234204667,44.0,0.000193763937075,7.5089226571e-05
1374869488,36.861538,-122.228538,45.0,0.000314835938051,0.000121072000976
1374869498,36.861538,-122.222871333,46.0,0.000509025312566,0.000194189374515
1374869508,36.861538,-122.217204667,47.0,0.000818812377722,0.000309787065156
1374869515,36.861538,-122.211538,48.0,0.00131028157387,0.000491469196151
1374869529,36.861538,-122.205871333,49.0,0.0020855682851,0.00077528671123
1374869539,36.861538,-122.200204667,50.0,0.00330146826351,0.00121589997841
1374869549,36.861538,-122.194538,51.0,0.0051970298999,0.00189556163639
1374869559,36.861538,-122.188871333,52.0,0.00813411263242,0.00293708273252
1374869569,36.861538,-122.183204667,53.0,0.0126564699248,0.00452235729239
1374869575,36.861538,-122.177538,54.0,0.0195750140249,0.00691854410006
1374869589,36.861538,-122.171871333,55.0,0.0300896664092,0.0105146523844
1374869597,36.861538,-122.166204667,56.0,0.0459617210856,0.0158720546763
1374869607,36.861538,-122.160538,57.0,0.0697550806456,0.0237933595601
1374869617,36.861538,-122.154871333,58.0,0.105171390875,0.0354163102297
1374869628,36.861538,-122.149204667,59.0,0.157574601722,0.0524032108465
1374869637,36.861538,-122.143538,60.0,0.236799424914,0.0792248231919
1374869648,36.861538,-122.137871333,61.0,0.402022630679,0.165223205765
1374869659,36.861538,-122.132204667,62.0,1.30980238391,0.907779753233
1374869668,36.861538,-122.126538,63.0,8.3113921478,7.00158976389
1374869678,36.861538,-122.120871333,64.0,48.8653913174,40.5539991696
1374869688,36.861538,-122.115204667,65.0,207.001331648,158.135940331
1374869695,36.861538,-122.109538,66.0,618.263462356,411.262130708
